<metadata xml:lang="en"><Esri><CreaDate>20190313</CreaDate><CreaTime>02122300</CreaTime><ArcGISFormat>1.0</ArcGISFormat><SyncOnce>FALSE</SyncOnce><DataProperties><lineage><Process ToolSource="c:\program files (x86)\arcgis\desktop10.4\ArcToolbox\Toolboxes\Data Management Tools.tbx\CalculateField" Date="20160526" Time="082953">CalculateField "Tax Parcels" TM_Survey RTrim( [TM_Survey] ) VB #</Process><Process ToolSource="c:\program files (x86)\arcgis\desktop10.4\ArcToolbox\Toolboxes\Data Management Tools.tbx\CalculateField" Date="20160526" Time="083833">CalculateField "Tax Parcels" TM_TaxDistrict Left( [Name],3 ) VB #</Process><Process ToolSource="c:\program files (x86)\arcgis\desktop10.4\ArcToolbox\Toolboxes\Conversion Tools.tbx\FeatureClassToFeatureClass" Date="20190319" Time="044552">FeatureClassToFeatureClass "Database Connections/Morrow EGDBHOST.sde/egdb.DBO.ParcelEditing/egdb.DBO.ParcelFabric_Parcels" D:/MorrowData/DataDownload/ParcelExport MorrowParcels_2019_319.shp "(SystemEndDate IS NULL) AND ("Type" = 7)" "Joined "Joined" false false true 4 Long 0 10 ,First,#,Database Connections/Morrow EGDBHOST.sde/egdb.DBO.ParcelEditing/egdb.DBO.ParcelFabric_Parcels,Joined,-1,-1;PlanID "PlanID" true false true 4 Long 0 10 ,First,#,Database Connections/Morrow EGDBHOST.sde/egdb.DBO.ParcelEditing/egdb.DBO.ParcelFabric_Parcels,PlanID,-1,-1;Name "Name" true true true 50 Text 0 0 ,First,#,Database Connections/Morrow EGDBHOST.sde/egdb.DBO.ParcelEditing/egdb.DBO.ParcelFabric_Parcels,Name,-1,-1;Type "Type" true true true 4 Long 0 10 ,First,#,Database Connections/Morrow EGDBHOST.sde/egdb.DBO.ParcelEditing/egdb.DBO.ParcelFabric_Parcels,Type,-1,-1;StatedArea "Stated Area" true true true 50 Text 0 0 ,First,#,Database Connections/Morrow EGDBHOST.sde/egdb.DBO.ParcelEditing/egdb.DBO.ParcelFabric_Parcels,StatedArea,-1,-1;Compiled "Compiled" true false true 4 Long 0 10 ,First,#,Database Connections/Morrow EGDBHOST.sde/egdb.DBO.ParcelEditing/egdb.DBO.ParcelFabric_Parcels,Compiled,-1,-1;Historical "Historical" false true true 4 Long 0 10 ,First,#,Database Connections/Morrow EGDBHOST.sde/egdb.DBO.ParcelEditing/egdb.DBO.ParcelFabric_Parcels,Historical,-1,-1;SystemStar "SystemStartDate" false false true 8 Date 0 0 ,First,#,Database Connections/Morrow EGDBHOST.sde/egdb.DBO.ParcelEditing/egdb.DBO.ParcelFabric_Parcels,SystemStartDate,-1,-1;SystemEndD "SystemEndDate" false true true 8 Date 0 0 ,First,#,Database Connections/Morrow EGDBHOST.sde/egdb.DBO.ParcelEditing/egdb.DBO.ParcelFabric_Parcels,SystemEndDate,-1,-1;LegalStart "LegalStartDate" true true true 8 Date 0 0 ,First,#,Database Connections/Morrow EGDBHOST.sde/egdb.DBO.ParcelEditing/egdb.DBO.ParcelFabric_Parcels,LegalStartDate,-1,-1;LegalEndDa "LegalEndDate" true true true 8 Date 0 0 ,First,#,Database Connections/Morrow EGDBHOST.sde/egdb.DBO.ParcelEditing/egdb.DBO.ParcelFabric_Parcels,LegalEndDate,-1,-1;GroupID "GroupID" false true true 4 Long 0 10 ,First,#,Database Connections/Morrow EGDBHOST.sde/egdb.DBO.ParcelEditing/egdb.DBO.ParcelFabric_Parcels,GroupID,-1,-1;Accuracy "Accuracy" true true true 4 Long 0 10 ,First,#,Database Connections/Morrow EGDBHOST.sde/egdb.DBO.ParcelEditing/egdb.DBO.ParcelFabric_Parcels,Accuracy,-1,-1;Rotation "Rotation" false true true 8 Double 20 38 ,First,#,Database Connections/Morrow EGDBHOST.sde/egdb.DBO.ParcelEditing/egdb.DBO.ParcelFabric_Parcels,Rotation,-1,-1;Scale "Scale" false true true 8 Double 20 38 ,First,#,Database Connections/Morrow EGDBHOST.sde/egdb.DBO.ParcelEditing/egdb.DBO.ParcelFabric_Parcels,Scale,-1,-1;Unclosed "Unclosed" false false true 4 Long 0 10 ,First,#,Database Connections/Morrow EGDBHOST.sde/egdb.DBO.ParcelEditing/egdb.DBO.ParcelFabric_Parcels,Unclosed,-1,-1;MiscloseRa "MiscloseRatio" false true true 8 Double 20 38 ,First,#,Database Connections/Morrow EGDBHOST.sde/egdb.DBO.ParcelEditing/egdb.DBO.ParcelFabric_Parcels,MiscloseRatio,-1,-1;MiscloseDi "MiscloseDistance" false true true 8 Double 20 38 ,First,#,Database Connections/Morrow EGDBHOST.sde/egdb.DBO.ParcelEditing/egdb.DBO.ParcelFabric_Parcels,MiscloseDistance,-1,-1;MiscloseBe "MiscloseBearing" false true true 8 Double 20 38 ,First,#,Database Connections/Morrow EGDBHOST.sde/egdb.DBO.ParcelEditing/egdb.DBO.ParcelFabric_Parcels,MiscloseBearing,-1,-1;Constructi "Construction" false true true 4 Long 0 10 ,First,#,Database Connections/Morrow EGDBHOST.sde/egdb.DBO.ParcelEditing/egdb.DBO.ParcelFabric_Parcels,Construction,-1,-1;ShapeStdEr "ShapeStdErrorE" false true true 8 Double 20 38 ,First,#,Database Connections/Morrow EGDBHOST.sde/egdb.DBO.ParcelEditing/egdb.DBO.ParcelFabric_Parcels,ShapeStdErrorE,-1,-1;ShapeStd_1 "ShapeStdErrorN" false true true 8 Double 20 38 ,First,#,Database Connections/Morrow EGDBHOST.sde/egdb.DBO.ParcelEditing/egdb.DBO.ParcelFabric_Parcels,ShapeStdErrorN,-1,-1;BacksightB "BacksightBearing" false true true 8 Double 20 38 ,First,#,Database Connections/Morrow EGDBHOST.sde/egdb.DBO.ParcelEditing/egdb.DBO.ParcelFabric_Parcels,BacksightBearing,-1,-1;Conveyance "Sub or Condo Type" true true true 50 Text 0 0 ,First,#,Database Connections/Morrow EGDBHOST.sde/egdb.DBO.ParcelEditing/egdb.DBO.ParcelFabric_Parcels,ConveyanceType,-1,-1;Conveyan_1 "Sub or Condo Number" true true true 10 Text 0 0 ,First,#,Database Connections/Morrow EGDBHOST.sde/egdb.DBO.ParcelEditing/egdb.DBO.ParcelFabric_Parcels,ConveyanceDesignator,-1,-1;SimConDivT "Lot or Unit Type" true true true 50 Text 0 0 ,First,#,Database Connections/Morrow EGDBHOST.sde/egdb.DBO.ParcelEditing/egdb.DBO.ParcelFabric_Parcels,SimConDivType,-1,-1;BlockDesig "Block Number" true true true 10 Text 0 0 ,First,#,Database Connections/Morrow EGDBHOST.sde/egdb.DBO.ParcelEditing/egdb.DBO.ParcelFabric_Parcels,BlockDesignator,-1,-1;Encumbranc "Encumbrance Type" true true true 50 Text 0 0 ,First,#,Database Connections/Morrow EGDBHOST.sde/egdb.DBO.ParcelEditing/egdb.DBO.ParcelFabric_Parcels,EncumbranceType,-1,-1;SeparatedR "Separated Right Type" true true true 50 Text 0 0 ,First,#,Database Connections/Morrow EGDBHOST.sde/egdb.DBO.ParcelEditing/egdb.DBO.ParcelFabric_Parcels,SeparatedRightType,-1,-1;HistoryTyp "Reason Parcel Retired" true true true 50 Text 0 0 ,First,#,Database Connections/Morrow EGDBHOST.sde/egdb.DBO.ParcelEditing/egdb.DBO.ParcelFabric_Parcels,HistoryType,-1,-1;PrincipalM "Principal Meridian" true true true 40 Text 0 0 ,First,#,Database Connections/Morrow EGDBHOST.sde/egdb.DBO.ParcelEditing/egdb.DBO.ParcelFabric_Parcels,PrincipalMeridian,-1,-1;TownshipNu "Township Number" true true true 3 Text 0 0 ,First,#,Database Connections/Morrow EGDBHOST.sde/egdb.DBO.ParcelEditing/egdb.DBO.ParcelFabric_Parcels,TownshipNumber,-1,-1;TownshipFr "Township Fraction" true true true 1 Text 0 0 ,First,#,Database Connections/Morrow EGDBHOST.sde/egdb.DBO.ParcelEditing/egdb.DBO.ParcelFabric_Parcels,TownshipFraction,-1,-1;TownshipDi "Township Direction" true true true 1 Text 0 0 ,First,#,Database Connections/Morrow EGDBHOST.sde/egdb.DBO.ParcelEditing/egdb.DBO.ParcelFabric_Parcels,TownshipDirection,-1,-1;RangeNumbe "Range Number" true true true 3 Text 0 0 ,First,#,Database Connections/Morrow EGDBHOST.sde/egdb.DBO.ParcelEditing/egdb.DBO.ParcelFabric_Parcels,RangeNumber,-1,-1;RangeFract "Range Fraction" true true true 1 Text 0 0 ,First,#,Database Connections/Morrow EGDBHOST.sde/egdb.DBO.ParcelEditing/egdb.DBO.ParcelFabric_Parcels,RangeFraction,-1,-1;RangeDirec "Range Direction" true true true 1 Text 0 0 ,First,#,Database Connections/Morrow EGDBHOST.sde/egdb.DBO.ParcelEditing/egdb.DBO.ParcelFabric_Parcels,RangeDirection,-1,-1;TownshipDu "Duplicate Township" true true true 1 Text 0 0 ,First,#,Database Connections/Morrow EGDBHOST.sde/egdb.DBO.ParcelEditing/egdb.DBO.ParcelFabric_Parcels,TownshipDupCode,-1,-1;PLSSID "PLSS Identification Number" true true true 16 Text 0 0 ,First,#,Database Connections/Morrow EGDBHOST.sde/egdb.DBO.ParcelEditing/egdb.DBO.ParcelFabric_Parcels,PLSSID,-1,-1;FirstDivis "Duplicate Section" true true true 1 Text 0 0 ,First,#,Database Connections/Morrow EGDBHOST.sde/egdb.DBO.ParcelEditing/egdb.DBO.ParcelFabric_Parcels,FirstDivisionDupCode,-1,-1;FirstDiv_1 "Section Type" true true true 50 Text 0 0 ,First,#,Database Connections/Morrow EGDBHOST.sde/egdb.DBO.ParcelEditing/egdb.DBO.ParcelFabric_Parcels,FirstDivisionType,-1,-1;SecondDivi "Quarter Section Number" true true true 50 Text 0 0 ,First,#,Database Connections/Morrow EGDBHOST.sde/egdb.DBO.ParcelEditing/egdb.DBO.ParcelFabric_Parcels,SecondDivisionNumber,-1,-1;SecondDi_1 "Quarter Section Suffix" true true true 10 Text 0 0 ,First,#,Database Connections/Morrow EGDBHOST.sde/egdb.DBO.ParcelEditing/egdb.DBO.ParcelFabric_Parcels,SecondDivisionSuffix,-1,-1;SecondDi_2 "Quarter Section Type" true true true 50 Text 0 0 ,First,#,Database Connections/Morrow EGDBHOST.sde/egdb.DBO.ParcelEditing/egdb.DBO.ParcelFabric_Parcels,SecondDivisionType,-1,-1;SpecialSur "Special Survey Number" true true true 5 Text 0 0 ,First,#,Database Connections/Morrow EGDBHOST.sde/egdb.DBO.ParcelEditing/egdb.DBO.ParcelFabric_Parcels,SpecialSurveyNumber,-1,-1;SpecialS_1 "Special Survey Suffix" true true true 5 Text 0 0 ,First,#,Database Connections/Morrow EGDBHOST.sde/egdb.DBO.ParcelEditing/egdb.DBO.ParcelFabric_Parcels,SpecialSurveySuffix,-1,-1;SpecialS_2 "Special Survey Type" true true true 50 Text 0 0 ,First,#,Database Connections/Morrow EGDBHOST.sde/egdb.DBO.ParcelEditing/egdb.DBO.ParcelFabric_Parcels,SpecialSurveyType,-1,-1;SpecialS_3 "Special Survey Notes" true true true 50 Text 0 0 ,First,#,Database Connections/Morrow EGDBHOST.sde/egdb.DBO.ParcelEditing/egdb.DBO.ParcelFabric_Parcels,SpecialSurveyNotes,-1,-1;FloorDesig "FloorDesig" true true true 2 Short 0 5 ,First,#,Database Connections/Morrow EGDBHOST.sde/egdb.DBO.ParcelEditing/egdb.DBO.ParcelFabric_Parcels,FloorDesignator,-1,-1;CreatedBy "Created By" false true true 50 Text 0 0 ,First,#,Database Connections/Morrow EGDBHOST.sde/egdb.DBO.ParcelEditing/egdb.DBO.ParcelFabric_Parcels,CreatedBy,-1,-1;ModifiedBy "Modified By" false true true 50 Text 0 0 ,First,#,Database Connections/Morrow EGDBHOST.sde/egdb.DBO.ParcelEditing/egdb.DBO.ParcelFabric_Parcels,ModifiedBy,-1,-1;ModifyDate "Modification Date" false true true 8 Date 0 0 ,First,#,Database Connections/Morrow EGDBHOST.sde/egdb.DBO.ParcelEditing/egdb.DBO.ParcelFabric_Parcels,ModifyDate,-1,-1;TM_ID "TM_ID" true true false 20 Text 0 0 ,First,#,Database Connections/Morrow EGDBHOST.sde/egdb.DBO.ParcelEditing/egdb.DBO.ParcelFabric_Parcels,TM_ID,-1,-1;TM_ID_TYPE "TM_ID_TYPE" true true false 30 Text 0 0 ,First,#,Database Connections/Morrow EGDBHOST.sde/egdb.DBO.ParcelEditing/egdb.DBO.ParcelFabric_Parcels,TM_ID_TYPE,-1,-1;TM_Owner "TM_Owner" true true false 200 Text 0 0 ,First,#,Database Connections/Morrow EGDBHOST.sde/egdb.DBO.ParcelEditing/egdb.DBO.ParcelFabric_Parcels,TM_Owner,-1,-1;TM_Page "TM_Page" true true false 20 Text 0 0 ,First,#,Database Connections/Morrow EGDBHOST.sde/egdb.DBO.ParcelEditing/egdb.DBO.ParcelFabric_Parcels,TM_Page,-1,-1;TM_Jurisdi "TM_Jurisdi" true true false 50 Text 0 0 ,First,#,Database Connections/Morrow EGDBHOST.sde/egdb.DBO.ParcelEditing/egdb.DBO.ParcelFabric_Parcels,TM_Jurisdiction,-1,-1;TM_TaxDist "TM_TaxDist" true true false 50 Text 0 0 ,First,#,Database Connections/Morrow EGDBHOST.sde/egdb.DBO.ParcelEditing/egdb.DBO.ParcelFabric_Parcels,TM_TaxDistrict,-1,-1;TM_SchoolD "TM_SchoolD" true true false 50 Text 0 0 ,First,#,Database Connections/Morrow EGDBHOST.sde/egdb.DBO.ParcelEditing/egdb.DBO.ParcelFabric_Parcels,TM_SchoolDistrict,-1,-1;TM_Documen "TM_Documen" true true false 100 Text 0 0 ,First,#,Database Connections/Morrow EGDBHOST.sde/egdb.DBO.ParcelEditing/egdb.DBO.ParcelFabric_Parcels,TM_Documents,-1,-1;TM_Survey "TM_Survey" true true false 150 Text 0 0 ,First,#,Database Connections/Morrow EGDBHOST.sde/egdb.DBO.ParcelEditing/egdb.DBO.ParcelFabric_Parcels,TM_Survey,-1,-1;TM_Notes "TM_Notes" true true false 200 Text 0 0 ,First,#,Database Connections/Morrow EGDBHOST.sde/egdb.DBO.ParcelEditing/egdb.DBO.ParcelFabric_Parcels,TM_Notes,-1,-1;TM_Pending "TM_Pending" true true false 50 Text 0 0 ,First,#,Database Connections/Morrow EGDBHOST.sde/egdb.DBO.ParcelEditing/egdb.DBO.ParcelFabric_Parcels,TM_Pending,-1,-1;TM_Histori "TM_Histori" true true false 10 Text 0 0 ,First,#,Database Connections/Morrow EGDBHOST.sde/egdb.DBO.ParcelEditing/egdb.DBO.ParcelFabric_Parcels,TM_Historic,-1,-1;TM_Acreage "TM_Acreage" true true false 15 Text 0 0 ,First,#,Database Connections/Morrow EGDBHOST.sde/egdb.DBO.ParcelEditing/egdb.DBO.ParcelFabric_Parcels,TM_Acreage,-1,-1;A_Owner "A_Owner" true true false 200 Text 0 0 ,First,#,Database Connections/Morrow EGDBHOST.sde/egdb.DBO.ParcelEditing/egdb.DBO.ParcelFabric_Parcels,A_Owner,-1,-1;A_Property "A_Property" true true false 200 Text 0 0 ,First,#,Database Connections/Morrow EGDBHOST.sde/egdb.DBO.ParcelEditing/egdb.DBO.ParcelFabric_Parcels,A_PropertyAddress,-1,-1;A_MailingA "A_MailingA" true true false 200 Text 0 0 ,First,#,Database Connections/Morrow EGDBHOST.sde/egdb.DBO.ParcelEditing/egdb.DBO.ParcelFabric_Parcels,A_MailingAddress,-1,-1;A_LandUse "A_LandUse" true true false 10 Text 0 0 ,First,#,Database Connections/Morrow EGDBHOST.sde/egdb.DBO.ParcelEditing/egdb.DBO.ParcelFabric_Parcels,A_LandUse,-1,-1;A_Acreage "A_Acreage" true true false 15 Text 0 0 ,First,#,Database Connections/Morrow EGDBHOST.sde/egdb.DBO.ParcelEditing/egdb.DBO.ParcelFabric_Parcels,A_Acreage,-1,-1;TM_PageSca "TM_PageSca" true true false 2 Short 0 5 ,First,#,Database Connections/Morrow EGDBHOST.sde/egdb.DBO.ParcelEditing/egdb.DBO.ParcelFabric_Parcels,TM_PageScale,-1,-1;TM_PageRat "TM_PageRat" true true false 8 Double 8 38 ,First,#,Database Connections/Morrow EGDBHOST.sde/egdb.DBO.ParcelEditing/egdb.DBO.ParcelFabric_Parcels,TM_PageRatio,-1,-1;Shape_STAr "Shape_STAr" false false true 0 Double 0 0 ,First,#,Database Connections/Morrow EGDBHOST.sde/egdb.DBO.ParcelEditing/egdb.DBO.ParcelFabric_Parcels,Shape.STArea(),-1,-1;Shape_STLe "Shape_STLe" false false true 0 Double 0 0 ,First,#,Database Connections/Morrow EGDBHOST.sde/egdb.DBO.ParcelEditing/egdb.DBO.ParcelFabric_Parcels,Shape.STLength(),-1,-1" #</Process><Process ToolSource="c:\program files (x86)\arcgis\desktop10.4\ArcToolbox\Toolboxes\Conversion Tools.tbx\FeatureClassToFeatureClass" Date="20190319" Time="044605">FeatureClassToFeatureClass D:/MorrowData/DataDownload/ParcelExport/MorrowParcels_2019_319.shp D:/MorrowData/DataDownload/ParcelExport Morrow_Parcels.shp # "Joined "Joined" true true false 10 Long 0 10 ,First,#,D:/MorrowData/DataDownload/ParcelExport/MorrowParcels_2019_319.shp,Joined,-1,-1;PlanID "PlanID" true true false 10 Long 0 10 ,First,#,D:/MorrowData/DataDownload/ParcelExport/MorrowParcels_2019_319.shp,PlanID,-1,-1;Name "Name" true true false 50 Text 0 0 ,First,#,D:/MorrowData/DataDownload/ParcelExport/MorrowParcels_2019_319.shp,Name,-1,-1;Type "Type" true true false 10 Long 0 10 ,First,#,D:/MorrowData/DataDownload/ParcelExport/MorrowParcels_2019_319.shp,Type,-1,-1;StatedArea "StatedArea" true true false 50 Text 0 0 ,First,#,D:/MorrowData/DataDownload/ParcelExport/MorrowParcels_2019_319.shp,StatedArea,-1,-1;Compiled "Compiled" true true false 10 Long 0 10 ,First,#,D:/MorrowData/DataDownload/ParcelExport/MorrowParcels_2019_319.shp,Compiled,-1,-1;Historical "Historical" true true false 10 Long 0 10 ,First,#,D:/MorrowData/DataDownload/ParcelExport/MorrowParcels_2019_319.shp,Historical,-1,-1;SystemStar "SystemStar" true true false 8 Date 0 0 ,First,#,D:/MorrowData/DataDownload/ParcelExport/MorrowParcels_2019_319.shp,SystemStar,-1,-1;SystemEndD "SystemEndD" true true false 8 Date 0 0 ,First,#,D:/MorrowData/DataDownload/ParcelExport/MorrowParcels_2019_319.shp,SystemEndD,-1,-1;LegalStart "LegalStart" true true false 8 Date 0 0 ,First,#,D:/MorrowData/DataDownload/ParcelExport/MorrowParcels_2019_319.shp,LegalStart,-1,-1;LegalEndDa "LegalEndDa" true true false 8 Date 0 0 ,First,#,D:/MorrowData/DataDownload/ParcelExport/MorrowParcels_2019_319.shp,LegalEndDa,-1,-1;GroupID "GroupID" true true false 10 Long 0 10 ,First,#,D:/MorrowData/DataDownload/ParcelExport/MorrowParcels_2019_319.shp,GroupID,-1,-1;Accuracy "Accuracy" true true false 10 Long 0 10 ,First,#,D:/MorrowData/DataDownload/ParcelExport/MorrowParcels_2019_319.shp,Accuracy,-1,-1;Rotation "Rotation" true true false 19 Double 0 0 ,First,#,D:/MorrowData/DataDownload/ParcelExport/MorrowParcels_2019_319.shp,Rotation,-1,-1;Scale "Scale" true true false 19 Double 0 0 ,First,#,D:/MorrowData/DataDownload/ParcelExport/MorrowParcels_2019_319.shp,Scale,-1,-1;Unclosed "Unclosed" true true false 10 Long 0 10 ,First,#,D:/MorrowData/DataDownload/ParcelExport/MorrowParcels_2019_319.shp,Unclosed,-1,-1;MiscloseRa "MiscloseRa" true true false 19 Double 0 0 ,First,#,D:/MorrowData/DataDownload/ParcelExport/MorrowParcels_2019_319.shp,MiscloseRa,-1,-1;MiscloseDi "MiscloseDi" true true false 19 Double 0 0 ,First,#,D:/MorrowData/DataDownload/ParcelExport/MorrowParcels_2019_319.shp,MiscloseDi,-1,-1;MiscloseBe "MiscloseBe" true true false 19 Double 0 0 ,First,#,D:/MorrowData/DataDownload/ParcelExport/MorrowParcels_2019_319.shp,MiscloseBe,-1,-1;Constructi "Constructi" true true false 10 Long 0 10 ,First,#,D:/MorrowData/DataDownload/ParcelExport/MorrowParcels_2019_319.shp,Constructi,-1,-1;ShapeStdEr "ShapeStdEr" true true false 19 Double 0 0 ,First,#,D:/MorrowData/DataDownload/ParcelExport/MorrowParcels_2019_319.shp,ShapeStdEr,-1,-1;ShapeStd_1 "ShapeStd_1" true true false 19 Double 0 0 ,First,#,D:/MorrowData/DataDownload/ParcelExport/MorrowParcels_2019_319.shp,ShapeStd_1,-1,-1;BacksightB "BacksightB" true true false 19 Double 0 0 ,First,#,D:/MorrowData/DataDownload/ParcelExport/MorrowParcels_2019_319.shp,BacksightB,-1,-1;Conveyance "Conveyance" true true false 50 Text 0 0 ,First,#,D:/MorrowData/DataDownload/ParcelExport/MorrowParcels_2019_319.shp,Conveyance,-1,-1;Conveyan_1 "Conveyan_1" true true false 10 Text 0 0 ,First,#,D:/MorrowData/DataDownload/ParcelExport/MorrowParcels_2019_319.shp,Conveyan_1,-1,-1;SimConDivT "SimConDivT" true true false 50 Text 0 0 ,First,#,D:/MorrowData/DataDownload/ParcelExport/MorrowParcels_2019_319.shp,SimConDivT,-1,-1;BlockDesig "BlockDesig" true true false 10 Text 0 0 ,First,#,D:/MorrowData/DataDownload/ParcelExport/MorrowParcels_2019_319.shp,BlockDesig,-1,-1;Encumbranc "Encumbranc" true true false 50 Text 0 0 ,First,#,D:/MorrowData/DataDownload/ParcelExport/MorrowParcels_2019_319.shp,Encumbranc,-1,-1;SeparatedR "SeparatedR" true true false 50 Text 0 0 ,First,#,D:/MorrowData/DataDownload/ParcelExport/MorrowParcels_2019_319.shp,SeparatedR,-1,-1;HistoryTyp "HistoryTyp" true true false 50 Text 0 0 ,First,#,D:/MorrowData/DataDownload/ParcelExport/MorrowParcels_2019_319.shp,HistoryTyp,-1,-1;PrincipalM "PrincipalM" true true false 40 Text 0 0 ,First,#,D:/MorrowData/DataDownload/ParcelExport/MorrowParcels_2019_319.shp,PrincipalM,-1,-1;TownshipNu "TownshipNu" true true false 3 Text 0 0 ,First,#,D:/MorrowData/DataDownload/ParcelExport/MorrowParcels_2019_319.shp,TownshipNu,-1,-1;TownshipFr "TownshipFr" true true false 1 Text 0 0 ,First,#,D:/MorrowData/DataDownload/ParcelExport/MorrowParcels_2019_319.shp,TownshipFr,-1,-1;TownshipDi "TownshipDi" true true false 1 Text 0 0 ,First,#,D:/MorrowData/DataDownload/ParcelExport/MorrowParcels_2019_319.shp,TownshipDi,-1,-1;RangeNumbe "RangeNumbe" true true false 3 Text 0 0 ,First,#,D:/MorrowData/DataDownload/ParcelExport/MorrowParcels_2019_319.shp,RangeNumbe,-1,-1;RangeFract "RangeFract" true true false 1 Text 0 0 ,First,#,D:/MorrowData/DataDownload/ParcelExport/MorrowParcels_2019_319.shp,RangeFract,-1,-1;RangeDirec "RangeDirec" true true false 1 Text 0 0 ,First,#,D:/MorrowData/DataDownload/ParcelExport/MorrowParcels_2019_319.shp,RangeDirec,-1,-1;TownshipDu "TownshipDu" true true false 1 Text 0 0 ,First,#,D:/MorrowData/DataDownload/ParcelExport/MorrowParcels_2019_319.shp,TownshipDu,-1,-1;PLSSID "PLSSID" true true false 16 Text 0 0 ,First,#,D:/MorrowData/DataDownload/ParcelExport/MorrowParcels_2019_319.shp,PLSSID,-1,-1;FirstDivis "FirstDivis" true true false 1 Text 0 0 ,First,#,D:/MorrowData/DataDownload/ParcelExport/MorrowParcels_2019_319.shp,FirstDivis,-1,-1;FirstDiv_1 "FirstDiv_1" true true false 50 Text 0 0 ,First,#,D:/MorrowData/DataDownload/ParcelExport/MorrowParcels_2019_319.shp,FirstDiv_1,-1,-1;SecondDivi "SecondDivi" true true false 50 Text 0 0 ,First,#,D:/MorrowData/DataDownload/ParcelExport/MorrowParcels_2019_319.shp,SecondDivi,-1,-1;SecondDi_1 "SecondDi_1" true true false 10 Text 0 0 ,First,#,D:/MorrowData/DataDownload/ParcelExport/MorrowParcels_2019_319.shp,SecondDi_1,-1,-1;SecondDi_2 "SecondDi_2" true true false 50 Text 0 0 ,First,#,D:/MorrowData/DataDownload/ParcelExport/MorrowParcels_2019_319.shp,SecondDi_2,-1,-1;SpecialSur "SpecialSur" true true false 5 Text 0 0 ,First,#,D:/MorrowData/DataDownload/ParcelExport/MorrowParcels_2019_319.shp,SpecialSur,-1,-1;SpecialS_1 "SpecialS_1" true true false 5 Text 0 0 ,First,#,D:/MorrowData/DataDownload/ParcelExport/MorrowParcels_2019_319.shp,SpecialS_1,-1,-1;SpecialS_2 "SpecialS_2" true true false 50 Text 0 0 ,First,#,D:/MorrowData/DataDownload/ParcelExport/MorrowParcels_2019_319.shp,SpecialS_2,-1,-1;SpecialS_3 "SpecialS_3" true true false 50 Text 0 0 ,First,#,D:/MorrowData/DataDownload/ParcelExport/MorrowParcels_2019_319.shp,SpecialS_3,-1,-1;FloorDesig "FloorDesig" true true false 5 Long 0 5 ,First,#,D:/MorrowData/DataDownload/ParcelExport/MorrowParcels_2019_319.shp,FloorDesig,-1,-1;CreatedBy "CreatedBy" true true false 50 Text 0 0 ,First,#,D:/MorrowData/DataDownload/ParcelExport/MorrowParcels_2019_319.shp,CreatedBy,-1,-1;ModifiedBy "ModifiedBy" true true false 50 Text 0 0 ,First,#,D:/MorrowData/DataDownload/ParcelExport/MorrowParcels_2019_319.shp,ModifiedBy,-1,-1;ModifyDate "ModifyDate" true true false 8 Date 0 0 ,First,#,D:/MorrowData/DataDownload/ParcelExport/MorrowParcels_2019_319.shp,ModifyDate,-1,-1;TM_ID "TM_ID" true true false 20 Text 0 0 ,First,#,D:/MorrowData/DataDownload/ParcelExport/MorrowParcels_2019_319.shp,TM_ID,-1,-1;TM_ID_TYPE "TM_ID_TYPE" true true false 30 Text 0 0 ,First,#,D:/MorrowData/DataDownload/ParcelExport/MorrowParcels_2019_319.shp,TM_ID_TYPE,-1,-1;TM_Owner "TM_Owner" true true false 200 Text 0 0 ,First,#,D:/MorrowData/DataDownload/ParcelExport/MorrowParcels_2019_319.shp,TM_Owner,-1,-1;TM_Page "TM_Page" true true false 20 Text 0 0 ,First,#,D:/MorrowData/DataDownload/ParcelExport/MorrowParcels_2019_319.shp,TM_Page,-1,-1;TM_Jurisdi "TM_Jurisdi" true true false 50 Text 0 0 ,First,#,D:/MorrowData/DataDownload/ParcelExport/MorrowParcels_2019_319.shp,TM_Jurisdi,-1,-1;TM_TaxDist "TM_TaxDist" true true false 50 Text 0 0 ,First,#,D:/MorrowData/DataDownload/ParcelExport/MorrowParcels_2019_319.shp,TM_TaxDist,-1,-1;TM_SchoolD "TM_SchoolD" true true false 50 Text 0 0 ,First,#,D:/MorrowData/DataDownload/ParcelExport/MorrowParcels_2019_319.shp,TM_SchoolD,-1,-1;TM_Documen "TM_Documen" true true false 100 Text 0 0 ,First,#,D:/MorrowData/DataDownload/ParcelExport/MorrowParcels_2019_319.shp,TM_Documen,-1,-1;TM_Survey "TM_Survey" true true false 150 Text 0 0 ,First,#,D:/MorrowData/DataDownload/ParcelExport/MorrowParcels_2019_319.shp,TM_Survey,-1,-1;TM_Notes "TM_Notes" true true false 200 Text 0 0 ,First,#,D:/MorrowData/DataDownload/ParcelExport/MorrowParcels_2019_319.shp,TM_Notes,-1,-1;TM_Pending "TM_Pending" true true false 50 Text 0 0 ,First,#,D:/MorrowData/DataDownload/ParcelExport/MorrowParcels_2019_319.shp,TM_Pending,-1,-1;TM_Histori "TM_Histori" true true false 10 Text 0 0 ,First,#,D:/MorrowData/DataDownload/ParcelExport/MorrowParcels_2019_319.shp,TM_Histori,-1,-1;TM_Acreage "TM_Acreage" true true false 15 Text 0 0 ,First,#,D:/MorrowData/DataDownload/ParcelExport/MorrowParcels_2019_319.shp,TM_Acreage,-1,-1;A_Owner "A_Owner" true true false 200 Text 0 0 ,First,#,D:/MorrowData/DataDownload/ParcelExport/MorrowParcels_2019_319.shp,A_Owner,-1,-1;A_Property "A_Property" true true false 200 Text 0 0 ,First,#,D:/MorrowData/DataDownload/ParcelExport/MorrowParcels_2019_319.shp,A_Property,-1,-1;A_MailingA "A_MailingA" true true false 200 Text 0 0 ,First,#,D:/MorrowData/DataDownload/ParcelExport/MorrowParcels_2019_319.shp,A_MailingA,-1,-1;A_LandUse "A_LandUse" true true false 10 Text 0 0 ,First,#,D:/MorrowData/DataDownload/ParcelExport/MorrowParcels_2019_319.shp,A_LandUse,-1,-1;A_Acreage "A_Acreage" true true false 15 Text 0 0 ,First,#,D:/MorrowData/DataDownload/ParcelExport/MorrowParcels_2019_319.shp,A_Acreage,-1,-1;TM_PageSca "TM_PageSca" true true false 5 Long 0 5 ,First,#,D:/MorrowData/DataDownload/ParcelExport/MorrowParcels_2019_319.shp,TM_PageSca,-1,-1;TM_PageRat "TM_PageRat" true true false 19 Double 0 0 ,First,#,D:/MorrowData/DataDownload/ParcelExport/MorrowParcels_2019_319.shp,TM_PageRat,-1,-1;Shape_STAr "Shape_STAr" true true false 19 Double 0 0 ,First,#,D:/MorrowData/DataDownload/ParcelExport/MorrowParcels_2019_319.shp,Shape_STAr,-1,-1;Shape_STLe "Shape_STLe" true true false 19 Double 0 0 ,First,#,D:/MorrowData/DataDownload/ParcelExport/MorrowParcels_2019_319.shp,Shape_STLe,-1,-1" #</Process></lineage><itemProps><itemLocation><linkage Sync="TRUE">file://\\WIN-HGP4P9IP8VB\D$\MorrowData\DataDownload\ParcelExport\Morrow_Parcels.shp</linkage><protocol Sync="TRUE">Local Area Network</protocol></itemLocation><itemName Sync="TRUE">Morrow_Parcels</itemName><imsContentType Sync="TRUE">002</imsContentType><itemSize Sync="TRUE">0.000</itemSize></itemProps><coordRef><type Sync="TRUE">Projected</type><geogcsn Sync="TRUE">GCS_NAD_1983_NSRS2007</geogcsn><csUnits Sync="TRUE">Linear Unit: Foot_US (0.304801)</csUnits><projcsn Sync="TRUE">NAD_1983_NSRS2007_StatePlane_Ohio_North_FIPS_3401_Ft_US</projcsn><peXml Sync="TRUE">&lt;ProjectedCoordinateSystem xsi:type='typens:ProjectedCoordinateSystem' xmlns:xsi='http://www.w3.org/2001/XMLSchema-instance' xmlns:xs='http://www.w3.org/2001/XMLSchema' xmlns:typens='http://www.esri.com/schemas/ArcGIS/10.4'&gt;&lt;WKT&gt;PROJCS[&amp;quot;NAD_1983_NSRS2007_StatePlane_Ohio_North_FIPS_3401_Ft_US&amp;quot;,GEOGCS[&amp;quot;GCS_NAD_1983_NSRS2007&amp;quot;,DATUM[&amp;quot;D_NAD_1983_NSRS2007&amp;quot;,SPHEROID[&amp;quot;GRS_1980&amp;quot;,6378137.0,298.257222101]],PRIMEM[&amp;quot;Greenwich&amp;quot;,0.0],UNIT[&amp;quot;Degree&amp;quot;,0.0174532925199433]],PROJECTION[&amp;quot;Lambert_Conformal_Conic&amp;quot;],PARAMETER[&amp;quot;False_Easting&amp;quot;,1968500.0],PARAMETER[&amp;quot;False_Northing&amp;quot;,0.0],PARAMETER[&amp;quot;Central_Meridian&amp;quot;,-82.5],PARAMETER[&amp;quot;Standard_Parallel_1&amp;quot;,40.43333333333333],PARAMETER[&amp;quot;Standard_Parallel_2&amp;quot;,41.7],PARAMETER[&amp;quot;Latitude_Of_Origin&amp;quot;,39.66666666666666],UNIT[&amp;quot;Foot_US&amp;quot;,0.3048006096012192],AUTHORITY[&amp;quot;EPSG&amp;quot;,3728]]&lt;/WKT&gt;&lt;XOrigin&gt;-118963900&lt;/XOrigin&gt;&lt;YOrigin&gt;-96373800&lt;/YOrigin&gt;&lt;XYScale&gt;37240637.144144125&lt;/XYScale&gt;&lt;ZOrigin&gt;-100000&lt;/ZOrigin&gt;&lt;ZScale&gt;10000&lt;/ZScale&gt;&lt;MOrigin&gt;-100000&lt;/MOrigin&gt;&lt;MScale&gt;10000&lt;/MScale&gt;&lt;XYTolerance&gt;0.0032808333333333331&lt;/XYTolerance&gt;&lt;ZTolerance&gt;0.001&lt;/ZTolerance&gt;&lt;MTolerance&gt;0.001&lt;/MTolerance&gt;&lt;HighPrecision&gt;true&lt;/HighPrecision&gt;&lt;WKID&gt;3728&lt;/WKID&gt;&lt;LatestWKID&gt;3728&lt;/LatestWKID&gt;&lt;/ProjectedCoordinateSystem&gt;</peXml></coordRef></DataProperties><SyncDate>20190319</SyncDate><SyncTime>04455300</SyncTime><ModDate>20190319</ModDate><ModTime>04455300</ModTime></Esri><dataIdInfo><envirDesc Sync="TRUE"> Version 6.2 (Build 9200) ; Esri ArcGIS 10.4.0.5524</envirDesc><dataLang><languageCode value="eng" Sync="TRUE"></languageCode><countryCode value="USA" Sync="TRUE"></countryCode></dataLang><idCitation><resTitle Sync="TRUE">Morrow_Parcels</resTitle><presForm><PresFormCd value="005" Sync="TRUE"></PresFormCd></presForm></idCitation><spatRpType><SpatRepTypCd value="001" Sync="TRUE"></SpatRepTypCd></spatRpType></dataIdInfo><mdLang><languageCode value="eng" Sync="TRUE"></languageCode><countryCode value="USA" Sync="TRUE"></countryCode></mdLang><distInfo><distFormat><formatName Sync="TRUE">Shapefile</formatName></distFormat><distTranOps><transSize Sync="TRUE">0.000</transSize></distTranOps></distInfo><mdHrLv><ScopeCd value="005" Sync="TRUE"></ScopeCd></mdHrLv><mdHrLvName Sync="TRUE">dataset</mdHrLvName><refSysInfo><RefSystem><refSysID><identCode code="3728" Sync="TRUE"></identCode><idCodeSpace Sync="TRUE">EPSG</idCodeSpace><idVersion Sync="TRUE">6.13(10.0.0)</idVersion></refSysID></RefSystem></refSysInfo><spatRepInfo><VectSpatRep><geometObjs Name="Morrow_Parcels"><geoObjTyp><GeoObjTypCd value="002" Sync="TRUE"></GeoObjTypCd></geoObjTyp><geoObjCnt Sync="TRUE">0</geoObjCnt></geometObjs><topLvl><TopoLevCd value="001" Sync="TRUE"></TopoLevCd></topLvl></VectSpatRep></spatRepInfo><spdoinfo><ptvctinf><esriterm Name="Morrow_Parcels"><efeatyp Sync="TRUE">Simple</efeatyp><efeageom code="4" Sync="TRUE"></efeageom><esritopo Sync="TRUE">FALSE</esritopo><efeacnt Sync="TRUE">0</efeacnt><spindex Sync="TRUE">FALSE</spindex><linrefer Sync="TRUE">FALSE</linrefer></esriterm></ptvctinf></spdoinfo><eainfo><detailed Name="Morrow_Parcels"><enttyp><enttypl Sync="TRUE">Morrow_Parcels</enttypl><enttypt Sync="TRUE">Feature Class</enttypt><enttypc Sync="TRUE">0</enttypc></enttyp><attr><attrlabl Sync="TRUE">FID</attrlabl><attalias Sync="TRUE">FID</attalias><attrtype Sync="TRUE">OID</attrtype><attwidth Sync="TRUE">4</attwidth><atprecis Sync="TRUE">0</atprecis><attscale Sync="TRUE">0</attscale><attrdef Sync="TRUE">Internal feature number.</attrdef><attrdefs Sync="TRUE">Esri</attrdefs><attrdomv><udom Sync="TRUE">Sequential unique whole numbers that are automatically generated.</udom></attrdomv></attr><attr><attrlabl Sync="TRUE">Shape</attrlabl><attalias Sync="TRUE">Shape</attalias><attrtype Sync="TRUE">Geometry</attrtype><attwidth Sync="TRUE">0</attwidth><atprecis Sync="TRUE">0</atprecis><attscale Sync="TRUE">0</attscale><attrdef Sync="TRUE">Feature geometry.</attrdef><attrdefs Sync="TRUE">Esri</attrdefs><attrdomv><udom Sync="TRUE">Coordinates defining the features.</udom></attrdomv></attr><attr><attrlabl Sync="TRUE">Joined</attrlabl><attalias Sync="TRUE">Joined</attalias><attrtype Sync="TRUE">Integer</attrtype><attwidth Sync="TRUE">10</attwidth><atprecis Sync="TRUE">10</atprecis><attscale Sync="TRUE">0</attscale></attr><attr><attrlabl Sync="TRUE">PlanID</attrlabl><attalias Sync="TRUE">PlanID</attalias><attrtype Sync="TRUE">Integer</attrtype><attwidth Sync="TRUE">10</attwidth><atprecis Sync="TRUE">10</atprecis><attscale Sync="TRUE">0</attscale></attr><attr><attrlabl Sync="TRUE">Name</attrlabl><attalias Sync="TRUE">Name</attalias><attrtype Sync="TRUE">String</attrtype><attwidth Sync="TRUE">50</attwidth><atprecis Sync="TRUE">0</atprecis><attscale Sync="TRUE">0</attscale></attr><attr><attrlabl Sync="TRUE">Type</attrlabl><attalias Sync="TRUE">Type</attalias><attrtype Sync="TRUE">Integer</attrtype><attwidth Sync="TRUE">10</attwidth><atprecis Sync="TRUE">10</atprecis><attscale Sync="TRUE">0</attscale></attr><attr><attrlabl Sync="TRUE">StatedArea</attrlabl><attalias Sync="TRUE">StatedArea</attalias><attrtype Sync="TRUE">String</attrtype><attwidth Sync="TRUE">50</attwidth><atprecis Sync="TRUE">0</atprecis><attscale Sync="TRUE">0</attscale></attr><attr><attrlabl Sync="TRUE">Compiled</attrlabl><attalias Sync="TRUE">Compiled</attalias><attrtype Sync="TRUE">Integer</attrtype><attwidth Sync="TRUE">10</attwidth><atprecis Sync="TRUE">10</atprecis><attscale Sync="TRUE">0</attscale></attr><attr><attrlabl Sync="TRUE">Historical</attrlabl><attalias Sync="TRUE">Historical</attalias><attrtype Sync="TRUE">Integer</attrtype><attwidth Sync="TRUE">10</attwidth><atprecis Sync="TRUE">10</atprecis><attscale Sync="TRUE">0</attscale></attr><attr><attrlabl Sync="TRUE">SystemStar</attrlabl><attalias Sync="TRUE">SystemStar</attalias><attrtype Sync="TRUE">Date</attrtype><attwidth Sync="TRUE">8</attwidth><atprecis Sync="TRUE">0</atprecis><attscale Sync="TRUE">0</attscale></attr><attr><attrlabl Sync="TRUE">SystemEndD</attrlabl><attalias Sync="TRUE">SystemEndD</attalias><attrtype Sync="TRUE">Date</attrtype><attwidth Sync="TRUE">8</attwidth><atprecis Sync="TRUE">0</atprecis><attscale Sync="TRUE">0</attscale></attr><attr><attrlabl Sync="TRUE">LegalStart</attrlabl><attalias Sync="TRUE">LegalStart</attalias><attrtype Sync="TRUE">Date</attrtype><attwidth Sync="TRUE">8</attwidth><atprecis Sync="TRUE">0</atprecis><attscale Sync="TRUE">0</attscale></attr><attr><attrlabl Sync="TRUE">LegalEndDa</attrlabl><attalias Sync="TRUE">LegalEndDa</attalias><attrtype Sync="TRUE">Date</attrtype><attwidth Sync="TRUE">8</attwidth><atprecis Sync="TRUE">0</atprecis><attscale Sync="TRUE">0</attscale></attr><attr><attrlabl Sync="TRUE">GroupID</attrlabl><attalias Sync="TRUE">GroupID</attalias><attrtype Sync="TRUE">Integer</attrtype><attwidth Sync="TRUE">10</attwidth><atprecis Sync="TRUE">10</atprecis><attscale Sync="TRUE">0</attscale></attr><attr><attrlabl Sync="TRUE">Accuracy</attrlabl><attalias Sync="TRUE">Accuracy</attalias><attrtype Sync="TRUE">Integer</attrtype><attwidth Sync="TRUE">10</attwidth><atprecis Sync="TRUE">10</atprecis><attscale Sync="TRUE">0</attscale></attr><attr><attrlabl Sync="TRUE">Rotation</attrlabl><attalias Sync="TRUE">Rotation</attalias><attrtype Sync="TRUE">Double</attrtype><attwidth Sync="TRUE">19</attwidth><atprecis Sync="TRUE">0</atprecis><attscale Sync="TRUE">0</attscale></attr><attr><attrlabl Sync="TRUE">Scale</attrlabl><attalias Sync="TRUE">Scale</attalias><attrtype Sync="TRUE">Double</attrtype><attwidth Sync="TRUE">19</attwidth><atprecis Sync="TRUE">0</atprecis><attscale Sync="TRUE">0</attscale></attr><attr><attrlabl Sync="TRUE">Unclosed</attrlabl><attalias Sync="TRUE">Unclosed</attalias><attrtype Sync="TRUE">Integer</attrtype><attwidth Sync="TRUE">10</attwidth><atprecis Sync="TRUE">10</atprecis><attscale Sync="TRUE">0</attscale></attr><attr><attrlabl Sync="TRUE">MiscloseRa</attrlabl><attalias Sync="TRUE">MiscloseRa</attalias><attrtype Sync="TRUE">Double</attrtype><attwidth Sync="TRUE">19</attwidth><atprecis Sync="TRUE">0</atprecis><attscale Sync="TRUE">0</attscale></attr><attr><attrlabl Sync="TRUE">MiscloseDi</attrlabl><attalias Sync="TRUE">MiscloseDi</attalias><attrtype Sync="TRUE">Double</attrtype><attwidth Sync="TRUE">19</attwidth><atprecis Sync="TRUE">0</atprecis><attscale Sync="TRUE">0</attscale></attr><attr><attrlabl Sync="TRUE">MiscloseBe</attrlabl><attalias Sync="TRUE">MiscloseBe</attalias><attrtype Sync="TRUE">Double</attrtype><attwidth Sync="TRUE">19</attwidth><atprecis Sync="TRUE">0</atprecis><attscale Sync="TRUE">0</attscale></attr><attr><attrlabl Sync="TRUE">Constructi</attrlabl><attalias Sync="TRUE">Constructi</attalias><attrtype Sync="TRUE">Integer</attrtype><attwidth Sync="TRUE">10</attwidth><atprecis Sync="TRUE">10</atprecis><attscale Sync="TRUE">0</attscale></attr><attr><attrlabl Sync="TRUE">ShapeStdEr</attrlabl><attalias Sync="TRUE">ShapeStdEr</attalias><attrtype Sync="TRUE">Double</attrtype><attwidth Sync="TRUE">19</attwidth><atprecis Sync="TRUE">0</atprecis><attscale Sync="TRUE">0</attscale></attr><attr><attrlabl Sync="TRUE">ShapeStd_1</attrlabl><attalias Sync="TRUE">ShapeStd_1</attalias><attrtype Sync="TRUE">Double</attrtype><attwidth Sync="TRUE">19</attwidth><atprecis Sync="TRUE">0</atprecis><attscale Sync="TRUE">0</attscale></attr><attr><attrlabl Sync="TRUE">BacksightB</attrlabl><attalias Sync="TRUE">BacksightB</attalias><attrtype Sync="TRUE">Double</attrtype><attwidth Sync="TRUE">19</attwidth><atprecis Sync="TRUE">0</atprecis><attscale Sync="TRUE">0</attscale></attr><attr><attrlabl Sync="TRUE">Conveyance</attrlabl><attalias Sync="TRUE">Conveyance</attalias><attrtype Sync="TRUE">String</attrtype><attwidth Sync="TRUE">50</attwidth><atprecis Sync="TRUE">0</atprecis><attscale Sync="TRUE">0</attscale></attr><attr><attrlabl Sync="TRUE">Conveyan_1</attrlabl><attalias Sync="TRUE">Conveyan_1</attalias><attrtype Sync="TRUE">String</attrtype><attwidth Sync="TRUE">10</attwidth><atprecis Sync="TRUE">0</atprecis><attscale Sync="TRUE">0</attscale></attr><attr><attrlabl Sync="TRUE">SimConDivT</attrlabl><attalias Sync="TRUE">SimConDivT</attalias><attrtype Sync="TRUE">String</attrtype><attwidth Sync="TRUE">50</attwidth><atprecis Sync="TRUE">0</atprecis><attscale Sync="TRUE">0</attscale></attr><attr><attrlabl Sync="TRUE">BlockDesig</attrlabl><attalias Sync="TRUE">BlockDesig</attalias><attrtype Sync="TRUE">String</attrtype><attwidth Sync="TRUE">10</attwidth><atprecis Sync="TRUE">0</atprecis><attscale Sync="TRUE">0</attscale></attr><attr><attrlabl Sync="TRUE">Encumbranc</attrlabl><attalias Sync="TRUE">Encumbranc</attalias><attrtype Sync="TRUE">String</attrtype><attwidth Sync="TRUE">50</attwidth><atprecis Sync="TRUE">0</atprecis><attscale Sync="TRUE">0</attscale></attr><attr><attrlabl Sync="TRUE">SeparatedR</attrlabl><attalias Sync="TRUE">SeparatedR</attalias><attrtype Sync="TRUE">String</attrtype><attwidth Sync="TRUE">50</attwidth><atprecis Sync="TRUE">0</atprecis><attscale Sync="TRUE">0</attscale></attr><attr><attrlabl Sync="TRUE">HistoryTyp</attrlabl><attalias Sync="TRUE">HistoryTyp</attalias><attrtype Sync="TRUE">String</attrtype><attwidth Sync="TRUE">50</attwidth><atprecis Sync="TRUE">0</atprecis><attscale Sync="TRUE">0</attscale></attr><attr><attrlabl Sync="TRUE">PrincipalM</attrlabl><attalias Sync="TRUE">PrincipalM</attalias><attrtype Sync="TRUE">String</attrtype><attwidth Sync="TRUE">40</attwidth><atprecis Sync="TRUE">0</atprecis><attscale Sync="TRUE">0</attscale></attr><attr><attrlabl Sync="TRUE">TownshipNu</attrlabl><attalias Sync="TRUE">TownshipNu</attalias><attrtype Sync="TRUE">String</attrtype><attwidth Sync="TRUE">3</attwidth><atprecis Sync="TRUE">0</atprecis><attscale Sync="TRUE">0</attscale></attr><attr><attrlabl Sync="TRUE">TownshipFr</attrlabl><attalias Sync="TRUE">TownshipFr</attalias><attrtype Sync="TRUE">String</attrtype><attwidth Sync="TRUE">1</attwidth><atprecis Sync="TRUE">0</atprecis><attscale Sync="TRUE">0</attscale></attr><attr><attrlabl Sync="TRUE">TownshipDi</attrlabl><attalias Sync="TRUE">TownshipDi</attalias><attrtype Sync="TRUE">String</attrtype><attwidth Sync="TRUE">1</attwidth><atprecis Sync="TRUE">0</atprecis><attscale Sync="TRUE">0</attscale></attr><attr><attrlabl Sync="TRUE">RangeNumbe</attrlabl><attalias Sync="TRUE">RangeNumbe</attalias><attrtype Sync="TRUE">String</attrtype><attwidth Sync="TRUE">3</attwidth><atprecis Sync="TRUE">0</atprecis><attscale Sync="TRUE">0</attscale></attr><attr><attrlabl Sync="TRUE">RangeFract</attrlabl><attalias Sync="TRUE">RangeFract</attalias><attrtype Sync="TRUE">String</attrtype><attwidth Sync="TRUE">1</attwidth><atprecis Sync="TRUE">0</atprecis><attscale Sync="TRUE">0</attscale></attr><attr><attrlabl Sync="TRUE">RangeDirec</attrlabl><attalias Sync="TRUE">RangeDirec</attalias><attrtype Sync="TRUE">String</attrtype><attwidth Sync="TRUE">1</attwidth><atprecis Sync="TRUE">0</atprecis><attscale Sync="TRUE">0</attscale></attr><attr><attrlabl Sync="TRUE">TownshipDu</attrlabl><attalias Sync="TRUE">TownshipDu</attalias><attrtype Sync="TRUE">String</attrtype><attwidth Sync="TRUE">1</attwidth><atprecis Sync="TRUE">0</atprecis><attscale Sync="TRUE">0</attscale></attr><attr><attrlabl Sync="TRUE">PLSSID</attrlabl><attalias Sync="TRUE">PLSSID</attalias><attrtype Sync="TRUE">String</attrtype><attwidth Sync="TRUE">16</attwidth><atprecis Sync="TRUE">0</atprecis><attscale Sync="TRUE">0</attscale></attr><attr><attrlabl Sync="TRUE">FirstDivis</attrlabl><attalias Sync="TRUE">FirstDivis</attalias><attrtype Sync="TRUE">String</attrtype><attwidth Sync="TRUE">1</attwidth><atprecis Sync="TRUE">0</atprecis><attscale Sync="TRUE">0</attscale></attr><attr><attrlabl Sync="TRUE">FirstDiv_1</attrlabl><attalias Sync="TRUE">FirstDiv_1</attalias><attrtype Sync="TRUE">String</attrtype><attwidth Sync="TRUE">50</attwidth><atprecis Sync="TRUE">0</atprecis><attscale Sync="TRUE">0</attscale></attr><attr><attrlabl Sync="TRUE">SecondDivi</attrlabl><attalias Sync="TRUE">SecondDivi</attalias><attrtype Sync="TRUE">String</attrtype><attwidth Sync="TRUE">50</attwidth><atprecis Sync="TRUE">0</atprecis><attscale Sync="TRUE">0</attscale></attr><attr><attrlabl Sync="TRUE">SecondDi_1</attrlabl><attalias Sync="TRUE">SecondDi_1</attalias><attrtype Sync="TRUE">String</attrtype><attwidth Sync="TRUE">10</attwidth><atprecis Sync="TRUE">0</atprecis><attscale Sync="TRUE">0</attscale></attr><attr><attrlabl Sync="TRUE">SecondDi_2</attrlabl><attalias Sync="TRUE">SecondDi_2</attalias><attrtype Sync="TRUE">String</attrtype><attwidth Sync="TRUE">50</attwidth><atprecis Sync="TRUE">0</atprecis><attscale Sync="TRUE">0</attscale></attr><attr><attrlabl Sync="TRUE">SpecialSur</attrlabl><attalias Sync="TRUE">SpecialSur</attalias><attrtype Sync="TRUE">String</attrtype><attwidth Sync="TRUE">5</attwidth><atprecis Sync="TRUE">0</atprecis><attscale Sync="TRUE">0</attscale></attr><attr><attrlabl Sync="TRUE">SpecialS_1</attrlabl><attalias Sync="TRUE">SpecialS_1</attalias><attrtype Sync="TRUE">String</attrtype><attwidth Sync="TRUE">5</attwidth><atprecis Sync="TRUE">0</atprecis><attscale Sync="TRUE">0</attscale></attr><attr><attrlabl Sync="TRUE">SpecialS_2</attrlabl><attalias Sync="TRUE">SpecialS_2</attalias><attrtype Sync="TRUE">String</attrtype><attwidth Sync="TRUE">50</attwidth><atprecis Sync="TRUE">0</atprecis><attscale Sync="TRUE">0</attscale></attr><attr><attrlabl Sync="TRUE">SpecialS_3</attrlabl><attalias Sync="TRUE">SpecialS_3</attalias><attrtype Sync="TRUE">String</attrtype><attwidth Sync="TRUE">50</attwidth><atprecis Sync="TRUE">0</atprecis><attscale Sync="TRUE">0</attscale></attr><attr><attrlabl Sync="TRUE">FloorDesig</attrlabl><attalias Sync="TRUE">FloorDesig</attalias><attrtype Sync="TRUE">Integer</attrtype><attwidth Sync="TRUE">10</attwidth><atprecis Sync="TRUE">10</atprecis><attscale Sync="TRUE">0</attscale></attr><attr><attrlabl Sync="TRUE">CreatedBy</attrlabl><attalias Sync="TRUE">CreatedBy</attalias><attrtype Sync="TRUE">String</attrtype><attwidth Sync="TRUE">50</attwidth><atprecis Sync="TRUE">0</atprecis><attscale Sync="TRUE">0</attscale></attr><attr><attrlabl Sync="TRUE">ModifiedBy</attrlabl><attalias Sync="TRUE">ModifiedBy</attalias><attrtype Sync="TRUE">String</attrtype><attwidth Sync="TRUE">50</attwidth><atprecis Sync="TRUE">0</atprecis><attscale Sync="TRUE">0</attscale></attr><attr><attrlabl Sync="TRUE">ModifyDate</attrlabl><attalias Sync="TRUE">ModifyDate</attalias><attrtype Sync="TRUE">Date</attrtype><attwidth Sync="TRUE">8</attwidth><atprecis Sync="TRUE">0</atprecis><attscale Sync="TRUE">0</attscale></attr><attr><attrlabl Sync="TRUE">TM_ID</attrlabl><attalias Sync="TRUE">TM_ID</attalias><attrtype Sync="TRUE">String</attrtype><attwidth Sync="TRUE">20</attwidth><atprecis Sync="TRUE">0</atprecis><attscale Sync="TRUE">0</attscale></attr><attr><attrlabl Sync="TRUE">TM_ID_TYPE</attrlabl><attalias Sync="TRUE">TM_ID_TYPE</attalias><attrtype Sync="TRUE">String</attrtype><attwidth Sync="TRUE">30</attwidth><atprecis Sync="TRUE">0</atprecis><attscale Sync="TRUE">0</attscale></attr><attr><attrlabl Sync="TRUE">TM_Owner</attrlabl><attalias Sync="TRUE">TM_Owner</attalias><attrtype Sync="TRUE">String</attrtype><attwidth Sync="TRUE">200</attwidth><atprecis Sync="TRUE">0</atprecis><attscale Sync="TRUE">0</attscale></attr><attr><attrlabl Sync="TRUE">TM_Page</attrlabl><attalias Sync="TRUE">TM_Page</attalias><attrtype Sync="TRUE">String</attrtype><attwidth Sync="TRUE">20</attwidth><atprecis Sync="TRUE">0</atprecis><attscale Sync="TRUE">0</attscale></attr><attr><attrlabl Sync="TRUE">TM_Jurisdi</attrlabl><attalias Sync="TRUE">TM_Jurisdi</attalias><attrtype Sync="TRUE">String</attrtype><attwidth Sync="TRUE">50</attwidth><atprecis Sync="TRUE">0</atprecis><attscale Sync="TRUE">0</attscale></attr><attr><attrlabl Sync="TRUE">TM_TaxDist</attrlabl><attalias Sync="TRUE">TM_TaxDist</attalias><attrtype Sync="TRUE">String</attrtype><attwidth Sync="TRUE">50</attwidth><atprecis Sync="TRUE">0</atprecis><attscale Sync="TRUE">0</attscale></attr><attr><attrlabl Sync="TRUE">TM_SchoolD</attrlabl><attalias Sync="TRUE">TM_SchoolD</attalias><attrtype Sync="TRUE">String</attrtype><attwidth Sync="TRUE">50</attwidth><atprecis Sync="TRUE">0</atprecis><attscale Sync="TRUE">0</attscale></attr><attr><attrlabl Sync="TRUE">TM_Documen</attrlabl><attalias Sync="TRUE">TM_Documen</attalias><attrtype Sync="TRUE">String</attrtype><attwidth Sync="TRUE">100</attwidth><atprecis Sync="TRUE">0</atprecis><attscale Sync="TRUE">0</attscale></attr><attr><attrlabl Sync="TRUE">TM_Survey</attrlabl><attalias Sync="TRUE">TM_Survey</attalias><attrtype Sync="TRUE">String</attrtype><attwidth Sync="TRUE">150</attwidth><atprecis Sync="TRUE">0</atprecis><attscale Sync="TRUE">0</attscale></attr><attr><attrlabl Sync="TRUE">TM_Notes</attrlabl><attalias Sync="TRUE">TM_Notes</attalias><attrtype Sync="TRUE">String</attrtype><attwidth Sync="TRUE">200</attwidth><atprecis Sync="TRUE">0</atprecis><attscale Sync="TRUE">0</attscale></attr><attr><attrlabl Sync="TRUE">TM_Pending</attrlabl><attalias Sync="TRUE">TM_Pending</attalias><attrtype Sync="TRUE">String</attrtype><attwidth Sync="TRUE">50</attwidth><atprecis Sync="TRUE">0</atprecis><attscale Sync="TRUE">0</attscale></attr><attr><attrlabl Sync="TRUE">TM_Histori</attrlabl><attalias Sync="TRUE">TM_Histori</attalias><attrtype Sync="TRUE">String</attrtype><attwidth Sync="TRUE">10</attwidth><atprecis Sync="TRUE">0</atprecis><attscale Sync="TRUE">0</attscale></attr><attr><attrlabl Sync="TRUE">TM_Acreage</attrlabl><attalias Sync="TRUE">TM_Acreage</attalias><attrtype Sync="TRUE">String</attrtype><attwidth Sync="TRUE">15</attwidth><atprecis Sync="TRUE">0</atprecis><attscale Sync="TRUE">0</attscale></attr><attr><attrlabl Sync="TRUE">A_Owner</attrlabl><attalias Sync="TRUE">A_Owner</attalias><attrtype Sync="TRUE">String</attrtype><attwidth Sync="TRUE">200</attwidth><atprecis Sync="TRUE">0</atprecis><attscale Sync="TRUE">0</attscale></attr><attr><attrlabl Sync="TRUE">A_Property</attrlabl><attalias Sync="TRUE">A_Property</attalias><attrtype Sync="TRUE">String</attrtype><attwidth Sync="TRUE">200</attwidth><atprecis Sync="TRUE">0</atprecis><attscale Sync="TRUE">0</attscale></attr><attr><attrlabl Sync="TRUE">A_MailingA</attrlabl><attalias Sync="TRUE">A_MailingA</attalias><attrtype Sync="TRUE">String</attrtype><attwidth Sync="TRUE">200</attwidth><atprecis Sync="TRUE">0</atprecis><attscale Sync="TRUE">0</attscale></attr><attr><attrlabl Sync="TRUE">A_LandUse</attrlabl><attalias Sync="TRUE">A_LandUse</attalias><attrtype Sync="TRUE">String</attrtype><attwidth Sync="TRUE">10</attwidth><atprecis Sync="TRUE">0</atprecis><attscale Sync="TRUE">0</attscale></attr><attr><attrlabl Sync="TRUE">A_Acreage</attrlabl><attalias Sync="TRUE">A_Acreage</attalias><attrtype Sync="TRUE">String</attrtype><attwidth Sync="TRUE">15</attwidth><atprecis Sync="TRUE">0</atprecis><attscale Sync="TRUE">0</attscale></attr><attr><attrlabl Sync="TRUE">TM_PageSca</attrlabl><attalias Sync="TRUE">TM_PageSca</attalias><attrtype Sync="TRUE">Integer</attrtype><attwidth Sync="TRUE">10</attwidth><atprecis Sync="TRUE">10</atprecis><attscale Sync="TRUE">0</attscale></attr><attr><attrlabl Sync="TRUE">TM_PageRat</attrlabl><attalias Sync="TRUE">TM_PageRat</attalias><attrtype Sync="TRUE">Double</attrtype><attwidth Sync="TRUE">19</attwidth><atprecis Sync="TRUE">0</atprecis><attscale Sync="TRUE">0</attscale></attr><attr><attrlabl Sync="TRUE">Shape_STAr</attrlabl><attalias Sync="TRUE">Shape_STAr</attalias><attrtype Sync="TRUE">Double</attrtype><attwidth Sync="TRUE">19</attwidth><atprecis Sync="TRUE">0</atprecis><attscale Sync="TRUE">0</attscale></attr><attr><attrlabl Sync="TRUE">Shape_STLe</attrlabl><attalias Sync="TRUE">Shape_STLe</attalias><attrtype Sync="TRUE">Double</attrtype><attwidth Sync="TRUE">19</attwidth><atprecis Sync="TRUE">0</atprecis><attscale Sync="TRUE">0</attscale></attr></detailed></eainfo><mdDateSt Sync="TRUE">20190319</mdDateSt></metadata>
