<metadata xml:lang="en"><Esri><CreaDate>20171128</CreaDate><CreaTime>16125800</CreaTime><SyncOnce>FALSE</SyncOnce><SyncDate>20190325</SyncDate><SyncTime>08210300</SyncTime><ModDate>20190325</ModDate><ModTime>08210300</ModTime><DataProperties><lineage><Process ToolSource="C:\Program Files\ArcGIS\ArcToolbox\Toolboxes\Conversion Tools.tbx\FeatureClassToFeatureClass" Date="20091014" Time="093443">FeatureClassToFeatureClass C:\data\parcels\parcel_p\polygon "Database Connections\GISADMIN@FAIoh.sde\FAIoh.GISADMIN.LANDBASE" parcel_poly # "AREA 'AREA' false true true 8 Double 0 0 ,First,#,C:\data\parcels\parcel_p\polygon,AREA,-1,-1;PERIMETER 'PERIMETER' false true true 8 Double 0 0 ,First,#,C:\data\parcels\parcel_p\polygon,PERIMETER,-1,-1;PARCEL_P_ 'PARCEL_P_' false true true 4 Long 0 0 ,First,#,C:\data\parcels\parcel_p\polygon,PARCEL_P#,-1,-1;PARCEL_P_ID 'PARCEL_P_ID' true true true 4 Long 0 0 ,First,#,C:\data\parcels\parcel_p\polygon,PARCEL_P-ID,-1,-1;PIN 'PIN' true true false 12 Text 0 0 ,First,#,C:\data\parcels\parcel_p\polygon,PIN,-1,-1;ONAME 'ONAME' true true false 45 Text 0 0 ,First,#,C:\data\parcels\parcel_p\polygon,ONAME,-1,-1;AACRE 'AACRE' true true false 4 Float 0 0 ,First,#,C:\data\parcels\parcel_p\polygon,AACRE,-1,-1;SOURCE 'SOURCE' true true false 1 Text 0 0 ,First,#,C:\data\parcels\parcel_p\polygon,SOURCE,-1,-1;INCL 'INCL' true true false 4 Long 0 0 ,First,#,C:\data\parcels\parcel_p\polygon,INCL,-1,-1;ISSUES 'ISSUES' true true false 2 Short 0 2 ,First,#,C:\data\parcels\parcel_p\polygon,ISSUES,-1,-1" # "Database Connections\GISADMIN@FAIoh.sde\FAIoh.GISADMIN.LANDBASE\FAIoh.GISADMIN.parcel_poly"</Process><Process ToolSource="c:\program files (x86)\arcgis\desktop10.3\ArcToolbox\Toolboxes\Data Management Tools.tbx\CalculateField" Date="20150910" Time="093234">CalculateField "Parcel Maintenance\SDE.parcel_poly" SOURCE D VB #</Process><Process ToolSource="c:\program files (x86)\arcgis\desktop10.3\ArcToolbox\Toolboxes\Data Management Tools.tbx\CalculateField" Date="20150910" Time="093355">CalculateField "Parcel Maintenance\SDE.parcel_poly" SOURCE D VB #</Process><Process ToolSource="c:\program files (x86)\arcgis\desktop10.5\ArcToolbox\Toolboxes\Data Management Tools.tbx\Dissolve" Date="20190325" Time="081657">Dissolve "Database Connections\DB02-FAIoh_pub@ndilley.sde\FAIoh_pub.GISADMIN.LANDBASE\FAIoh_pub.GISADMIN.parcel_poly" C:\data\parcels\GIS_parcel_adjust.gdb\gis_parcel_dissolve PIN # SINGLE_PART DISSOLVE_LINES</Process><Process ToolSource="c:\program files (x86)\arcgis\desktop10.5\ArcToolbox\Toolboxes\Data Management Tools.tbx\JoinField" Date="20190325" Time="082051">JoinField C:\data\parcels\GIS_parcel_adjust.gdb\gis_parcel_dissolve PIN C:\data\parcels\GIS_parcel_adjust.gdb\ias_updates_conv PARID PARID;OWN1;OWN2;LASTNAME;ADRNO;ADRDIR;ADRSTR;ADRSUF;ADRSUF2;MADDR1;MADDR2;MADDR3;MCITYNAME;MSTATECODE;MZIP1;PADDR1;LEGAL1;LEGAL2;LEGAL3;ACRES;MAPNUM;ROUTENUM;LUC;PARTIAL_;NBHD;STORIES;EXTWALL;STYLE;SFLA;YRBLT;YRREMOD;RMTOT;RMBED;RMFAM;FIXBATH;FIXHALF;FIXTOT;BSMT;HEAT;FUEL;ATTIC;WBFP_O;WBFP_S;WBFP_PF;BSMTCAR;FINBSMTAREA;RECROMAREA;MASTRIMAREA;BOOK;PAGE;SALEDT;TRANSDT;RECORDDT;PRICE;SALEVAL;SALETYPE;APRLAND;APRBLDG;FARMLAND;AGAPPL;SALEYEAR;APPRVAL;SALESRATIO;GRDFACT;CDU;CLASS;DEPR</Process><Process ToolSource="c:\program files (x86)\arcgis\desktop10.5\ArcToolbox\Toolboxes\Conversion Tools.tbx\FeatureClassToFeatureClass" Date="20190325" Time="082122">FeatureClassToFeatureClass C:\data\parcels\GIS_parcel_adjust.gdb\gis_parcel_dissolve C:\data\parcels parcels.shp # "PIN "PIN" true true false 12 Text 0 0 ,First,#,C:\data\parcels\GIS_parcel_adjust.gdb\gis_parcel_dissolve,PIN,-1,-1;Shape_Leng "Shape_Length" false true true 8 Double 0 0 ,First,#,C:\data\parcels\GIS_parcel_adjust.gdb\gis_parcel_dissolve,Shape_Length,-1,-1;Shape_Area "Shape_Area" false true true 8 Double 0 0 ,First,#,C:\data\parcels\GIS_parcel_adjust.gdb\gis_parcel_dissolve,Shape_Area,-1,-1;PARID "PARID" true true false 18 Text 0 0 ,First,#,C:\data\parcels\GIS_parcel_adjust.gdb\gis_parcel_dissolve,PARID,-1,-1;OWN1 "OWN1" true true false 60 Text 0 0 ,First,#,C:\data\parcels\GIS_parcel_adjust.gdb\gis_parcel_dissolve,OWN1,-1,-1;OWN2 "OWN2" true true false 60 Text 0 0 ,First,#,C:\data\parcels\GIS_parcel_adjust.gdb\gis_parcel_dissolve,OWN2,-1,-1;LASTNAME "LASTNAME" true true false 30 Text 0 0 ,First,#,C:\data\parcels\GIS_parcel_adjust.gdb\gis_parcel_dissolve,LASTNAME,-1,-1;ADRNO "ADRNO" true true false 8 Double 0 0 ,First,#,C:\data\parcels\GIS_parcel_adjust.gdb\gis_parcel_dissolve,ADRNO,-1,-1;ADRDIR "ADRDIR" true true false 2 Text 0 0 ,First,#,C:\data\parcels\GIS_parcel_adjust.gdb\gis_parcel_dissolve,ADRDIR,-1,-1;ADRSTR "ADRSTR" true true false 30 Text 0 0 ,First,#,C:\data\parcels\GIS_parcel_adjust.gdb\gis_parcel_dissolve,ADRSTR,-1,-1;ADRSUF "ADRSUF" true true false 8 Text 0 0 ,First,#,C:\data\parcels\GIS_parcel_adjust.gdb\gis_parcel_dissolve,ADRSUF,-1,-1;ADRSUF2 "ADRSUF2" true true false 8 Text 0 0 ,First,#,C:\data\parcels\GIS_parcel_adjust.gdb\gis_parcel_dissolve,ADRSUF2,-1,-1;PADDR1 "PADDR1" true true false 40 Text 0 0 ,First,#,C:\data\parcels\GIS_parcel_adjust.gdb\gis_parcel_dissolve,PADDR1,-1,-1;MADDR1 "MADDR1" true true false 40 Text 0 0 ,First,#,C:\data\parcels\GIS_parcel_adjust.gdb\gis_parcel_dissolve,MADDR1,-1,-1;MADDR2 "MADDR2" true true false 40 Text 0 0 ,First,#,C:\data\parcels\GIS_parcel_adjust.gdb\gis_parcel_dissolve,MADDR2,-1,-1;MADDR3 "MADDR3" true true false 40 Text 0 0 ,First,#,C:\data\parcels\GIS_parcel_adjust.gdb\gis_parcel_dissolve,MADDR3,-1,-1;MCITYNAME "MCITYNAME" true true false 40 Text 0 0 ,First,#,C:\data\parcels\GIS_parcel_adjust.gdb\gis_parcel_dissolve,MCITYNAME,-1,-1;MSTATECODE "MSTATECODE" true true false 2 Text 0 0 ,First,#,C:\data\parcels\GIS_parcel_adjust.gdb\gis_parcel_dissolve,MSTATECODE,-1,-1;MZIP1 "MZIP1" true true false 5 Text 0 0 ,First,#,C:\data\parcels\GIS_parcel_adjust.gdb\gis_parcel_dissolve,MZIP1,-1,-1;LEGAL1 "LEGAL1" true true false 50 Text 0 0 ,First,#,C:\data\parcels\GIS_parcel_adjust.gdb\gis_parcel_dissolve,LEGAL1,-1,-1;LEGAL2 "LEGAL2" true true false 50 Text 0 0 ,First,#,C:\data\parcels\GIS_parcel_adjust.gdb\gis_parcel_dissolve,LEGAL2,-1,-1;LEGAL3 "LEGAL3" true true false 50 Text 0 0 ,First,#,C:\data\parcels\GIS_parcel_adjust.gdb\gis_parcel_dissolve,LEGAL3,-1,-1;ACRES "ACRES" true true false 8 Double 0 0 ,First,#,C:\data\parcels\GIS_parcel_adjust.gdb\gis_parcel_dissolve,ACRES,-1,-1;MAPNUM "MAPNUM" true true false 6 Text 0 0 ,First,#,C:\data\parcels\GIS_parcel_adjust.gdb\gis_parcel_dissolve,MAPNUM,-1,-1;ROUTENUM "ROUTENUM" true true false 6 Text 0 0 ,First,#,C:\data\parcels\GIS_parcel_adjust.gdb\gis_parcel_dissolve,ROUTENUM,-1,-1;LUC "LUC" true true false 4 Text 0 0 ,First,#,C:\data\parcels\GIS_parcel_adjust.gdb\gis_parcel_dissolve,LUC,-1,-1;PARTIAL_ "PARTIAL_" true true false 1 Text 0 0 ,First,#,C:\data\parcels\GIS_parcel_adjust.gdb\gis_parcel_dissolve,PARTIAL_,-1,-1;NBHD "NBHD" true true false 9 Text 0 0 ,First,#,C:\data\parcels\GIS_parcel_adjust.gdb\gis_parcel_dissolve,NBHD,-1,-1;STORIES "STORIES" true true false 4 Float 0 0 ,First,#,C:\data\parcels\GIS_parcel_adjust.gdb\gis_parcel_dissolve,STORIES,-1,-1;EXTWALL "EXTWALL" true true false 2 Text 0 0 ,First,#,C:\data\parcels\GIS_parcel_adjust.gdb\gis_parcel_dissolve,EXTWALL,-1,-1;STYLE "STYLE" true true false 2 Text 0 0 ,First,#,C:\data\parcels\GIS_parcel_adjust.gdb\gis_parcel_dissolve,STYLE,-1,-1;SFLA "SFLA" true true false 4 Long 0 0 ,First,#,C:\data\parcels\GIS_parcel_adjust.gdb\gis_parcel_dissolve,SFLA,-1,-1;YRBLT "YRBLT" true true false 2 Short 0 0 ,First,#,C:\data\parcels\GIS_parcel_adjust.gdb\gis_parcel_dissolve,YRBLT,-1,-1;YRREMOD "YRREMOD" true true false 2 Short 0 0 ,First,#,C:\data\parcels\GIS_parcel_adjust.gdb\gis_parcel_dissolve,YRREMOD,-1,-1;RMTOT "RMTOT" true true false 2 Short 0 0 ,First,#,C:\data\parcels\GIS_parcel_adjust.gdb\gis_parcel_dissolve,RMTOT,-1,-1;RMBED "RMBED" true true false 2 Short 0 0 ,First,#,C:\data\parcels\GIS_parcel_adjust.gdb\gis_parcel_dissolve,RMBED,-1,-1;RMFAM "RMFAM" true true false 2 Short 0 0 ,First,#,C:\data\parcels\GIS_parcel_adjust.gdb\gis_parcel_dissolve,RMFAM,-1,-1;FIXBATH "FIXBATH" true true false 2 Short 0 0 ,First,#,C:\data\parcels\GIS_parcel_adjust.gdb\gis_parcel_dissolve,FIXBATH,-1,-1;FIXHALF "FIXHALF" true true false 2 Short 0 0 ,First,#,C:\data\parcels\GIS_parcel_adjust.gdb\gis_parcel_dissolve,FIXHALF,-1,-1;FIXTOT "FIXTOT" true true false 2 Short 0 0 ,First,#,C:\data\parcels\GIS_parcel_adjust.gdb\gis_parcel_dissolve,FIXTOT,-1,-1;BSMT "BSMT" true true false 1 Text 0 0 ,First,#,C:\data\parcels\GIS_parcel_adjust.gdb\gis_parcel_dissolve,BSMT,-1,-1;HEAT "HEAT" true true false 1 Text 0 0 ,First,#,C:\data\parcels\GIS_parcel_adjust.gdb\gis_parcel_dissolve,HEAT,-1,-1;FUEL "FUEL" true true false 1 Text 0 0 ,First,#,C:\data\parcels\GIS_parcel_adjust.gdb\gis_parcel_dissolve,FUEL,-1,-1;ATTIC "ATTIC" true true false 1 Text 0 0 ,First,#,C:\data\parcels\GIS_parcel_adjust.gdb\gis_parcel_dissolve,ATTIC,-1,-1;WBFP_O "WBFP_O" true true false 2 Short 0 0 ,First,#,C:\data\parcels\GIS_parcel_adjust.gdb\gis_parcel_dissolve,WBFP_O,-1,-1;WBFP_S "WBFP_S" true true false 2 Short 0 0 ,First,#,C:\data\parcels\GIS_parcel_adjust.gdb\gis_parcel_dissolve,WBFP_S,-1,-1;WBFP_PF "WBFP_PF" true true false 2 Short 0 0 ,First,#,C:\data\parcels\GIS_parcel_adjust.gdb\gis_parcel_dissolve,WBFP_PF,-1,-1;BSMTCAR "BSMTCAR" true true false 2 Short 0 0 ,First,#,C:\data\parcels\GIS_parcel_adjust.gdb\gis_parcel_dissolve,BSMTCAR,-1,-1;FINBSMTARE "FINBSMTARE" true true false 4 Long 0 0 ,First,#,C:\data\parcels\GIS_parcel_adjust.gdb\gis_parcel_dissolve,FINBSMTAREA,-1,-1;RECROMAREA "RECROMAREA" true true false 4 Long 0 0 ,First,#,C:\data\parcels\GIS_parcel_adjust.gdb\gis_parcel_dissolve,RECROMAREA,-1,-1;MASTRIMARE "MASTRIMARE" true true false 4 Long 0 0 ,First,#,C:\data\parcels\GIS_parcel_adjust.gdb\gis_parcel_dissolve,MASTRIMAREA,-1,-1;BOOK "BOOK" true true false 8 Text 0 0 ,First,#,C:\data\parcels\GIS_parcel_adjust.gdb\gis_parcel_dissolve,BOOK,-1,-1;PAGE "PAGE" true true false 8 Text 0 0 ,First,#,C:\data\parcels\GIS_parcel_adjust.gdb\gis_parcel_dissolve,PAGE,-1,-1;SALEDT "SALEDT" true true false 8 Date 0 0 ,First,#,C:\data\parcels\GIS_parcel_adjust.gdb\gis_parcel_dissolve,SALEDT,-1,-1;TRANSDT "TRANSDT" true true false 8 Date 0 0 ,First,#,C:\data\parcels\GIS_parcel_adjust.gdb\gis_parcel_dissolve,TRANSDT,-1,-1;RECORDDT "RECORDDT" true true false 8 Date 0 0 ,First,#,C:\data\parcels\GIS_parcel_adjust.gdb\gis_parcel_dissolve,RECORDDT,-1,-1;PRICE "PRICE" true true false 8 Double 0 0 ,First,#,C:\data\parcels\GIS_parcel_adjust.gdb\gis_parcel_dissolve,PRICE,-1,-1;SALEVAL "SALEVAL" true true false 2 Text 0 0 ,First,#,C:\data\parcels\GIS_parcel_adjust.gdb\gis_parcel_dissolve,SALEVAL,-1,-1;SALETYPE "SALETYPE" true true false 1 Text 0 0 ,First,#,C:\data\parcels\GIS_parcel_adjust.gdb\gis_parcel_dissolve,SALETYPE,-1,-1;APRLAND "APRLAND" true true false 8 Double 0 0 ,First,#,C:\data\parcels\GIS_parcel_adjust.gdb\gis_parcel_dissolve,APRLAND,-1,-1;APRBLDG "APRBLDG" true true false 8 Double 0 0 ,First,#,C:\data\parcels\GIS_parcel_adjust.gdb\gis_parcel_dissolve,APRBLDG,-1,-1;FARMLAND "FARMLAND" true true false 8 Double 0 0 ,First,#,C:\data\parcels\GIS_parcel_adjust.gdb\gis_parcel_dissolve,FARMLAND,-1,-1;AGAPPL "AGAPPL" true true false 6 Text 0 0 ,First,#,C:\data\parcels\GIS_parcel_adjust.gdb\gis_parcel_dissolve,AGAPPL,-1,-1;SALEYEAR "SALEYEAR" true true false 2 Short 0 0 ,First,#,C:\data\parcels\GIS_parcel_adjust.gdb\gis_parcel_dissolve,SALEYEAR,-1,-1;APPRVAL "APPRVAL" true true false 8 Double 0 0 ,First,#,C:\data\parcels\GIS_parcel_adjust.gdb\gis_parcel_dissolve,APPRVAL,-1,-1;SALESRATIO "SALESRATIO" true true false 8 Double 0 0 ,First,#,C:\data\parcels\GIS_parcel_adjust.gdb\gis_parcel_dissolve,SALESRATIO,-1,-1;GRDFACT "GRDFACT" true true false 4 Float 0 0 ,First,#,C:\data\parcels\GIS_parcel_adjust.gdb\gis_parcel_dissolve,GRDFACT,-1,-1;CDU "CDU" true true false 2 Text 0 0 ,First,#,C:\data\parcels\GIS_parcel_adjust.gdb\gis_parcel_dissolve,CDU,-1,-1;CLASS "CLASS" true true false 1 Text 0 0 ,First,#,C:\data\parcels\GIS_parcel_adjust.gdb\gis_parcel_dissolve,CLASS,-1,-1;DEPR "DEPR" true true false 2 Short 0 0 ,First,#,C:\data\parcels\GIS_parcel_adjust.gdb\gis_parcel_dissolve,DEPR,-1,-1" #</Process><Process ToolSource="c:\program files (x86)\arcgis\desktop10.5\ArcToolbox\Toolboxes\Data Management Tools.tbx\AddSpatialIndex" Date="20190325" Time="082322">AddSpatialIndex C:\data\parcels\parcels.shp 0 0 0</Process></lineage><itemProps><itemLocation><linkage Sync="TRUE">file://\\GIS-D6G6HGB2\C$\data\parcels\parcels.shp</linkage><protocol Sync="TRUE">Local Area Network</protocol></itemLocation><itemName Sync="TRUE">parcels</itemName><imsContentType Sync="TRUE">002</imsContentType><itemSize Sync="TRUE">0.000</itemSize></itemProps><coordRef><type Sync="TRUE">Projected</type><geogcsn Sync="TRUE">GCS_North_American_1983</geogcsn><csUnits Sync="TRUE">Linear Unit: Foot_US (0.304801)</csUnits><projcsn Sync="TRUE">NAD_1983_StatePlane_Ohio_South_FIPS_3402_Feet</projcsn><peXml Sync="TRUE">&lt;ProjectedCoordinateSystem xsi:type='typens:ProjectedCoordinateSystem' xmlns:xsi='http://www.w3.org/2001/XMLSchema-instance' xmlns:xs='http://www.w3.org/2001/XMLSchema' xmlns:typens='http://www.esri.com/schemas/ArcGIS/10.5'&gt;&lt;WKT&gt;PROJCS[&amp;quot;NAD_1983_StatePlane_Ohio_South_FIPS_3402_Feet&amp;quot;,GEOGCS[&amp;quot;GCS_North_American_1983&amp;quot;,DATUM[&amp;quot;D_North_American_1983&amp;quot;,SPHEROID[&amp;quot;GRS_1980&amp;quot;,6378137.0,298.257222101]],PRIMEM[&amp;quot;Greenwich&amp;quot;,0.0],UNIT[&amp;quot;Degree&amp;quot;,0.0174532925199433]],PROJECTION[&amp;quot;Lambert_Conformal_Conic&amp;quot;],PARAMETER[&amp;quot;False_Easting&amp;quot;,1968500.0],PARAMETER[&amp;quot;False_Northing&amp;quot;,0.0],PARAMETER[&amp;quot;Central_Meridian&amp;quot;,-82.5],PARAMETER[&amp;quot;Standard_Parallel_1&amp;quot;,38.73333333333333],PARAMETER[&amp;quot;Standard_Parallel_2&amp;quot;,40.03333333333333],PARAMETER[&amp;quot;Latitude_Of_Origin&amp;quot;,38.0],UNIT[&amp;quot;Foot_US&amp;quot;,0.3048006096012192],AUTHORITY[&amp;quot;EPSG&amp;quot;,3735]]&lt;/WKT&gt;&lt;XOrigin&gt;-119670700&lt;/XOrigin&gt;&lt;YOrigin&gt;-95612900&lt;/YOrigin&gt;&lt;XYScale&gt;37024245.698512442&lt;/XYScale&gt;&lt;ZOrigin&gt;-100000&lt;/ZOrigin&gt;&lt;ZScale&gt;10000&lt;/ZScale&gt;&lt;MOrigin&gt;-100000&lt;/MOrigin&gt;&lt;MScale&gt;10000&lt;/MScale&gt;&lt;XYTolerance&gt;0.0032808333333333331&lt;/XYTolerance&gt;&lt;ZTolerance&gt;0.001&lt;/ZTolerance&gt;&lt;MTolerance&gt;0.001&lt;/MTolerance&gt;&lt;HighPrecision&gt;true&lt;/HighPrecision&gt;&lt;WKID&gt;102723&lt;/WKID&gt;&lt;LatestWKID&gt;3735&lt;/LatestWKID&gt;&lt;/ProjectedCoordinateSystem&gt;</peXml></coordRef></DataProperties><ArcGISFormat>1.0</ArcGISFormat></Esri><idinfo><native Sync="TRUE">Microsoft Windows XP Version 5.1 (Build 2600) Service Pack 3; ESRI ArcCatalog 9.3.1.3000</native><descript><langdata Sync="TRUE">en</langdata><abstract>REQUIRED: A brief narrative summary of the data set.</abstract><purpose>REQUIRED: A summary of the intentions with which the data set was developed.</purpose></descript><citation><citeinfo><origin>REQUIRED: The name of an organization or individual that developed the data set.</origin><pubdate>REQUIRED: The date when the data set is published or otherwise made available for release.</pubdate><title Sync="TRUE">FAIoh.GISADMIN.parcel_poly</title><ftname Sync="TRUE">FAIoh.GISADMIN.parcel_poly</ftname><geoform Sync="TRUE">vector digital data</geoform><onlink Sync="TRUE">Service=sde:sqlserver:gis1; Database=FAIoh; Version=sde.DEFAULT</onlink></citeinfo></citation><timeperd><current>REQUIRED: The basis on which the time period of content information is determined.</current><timeinfo><sngdate><caldate>REQUIRED: The year (and optionally month, or month and day) for which the data set corresponds to the ground.</caldate></sngdate></timeinfo></timeperd><status><progress>REQUIRED: The state of the data set.</progress><update>REQUIRED: The frequency with which changes and additions are made to the data set after the initial data set is completed.</update></status><spdom><bounding><westbc Sync="TRUE">-82.844828</westbc><eastbc Sync="TRUE">-82.365911</eastbc><northbc Sync="TRUE">39.941431</northbc><southbc Sync="TRUE">39.554170</southbc></bounding><lboundng><leftbc Sync="TRUE">1871810.642875</leftbc><rightbc Sync="TRUE">2006098.162425</rightbc><bottombc Sync="TRUE">566239.514650</bottombc><topbc Sync="TRUE">707117.562500</topbc></lboundng></spdom><keywords><theme><themekt>REQUIRED: Reference to a formally registered thesaurus or a similar authoritative source of theme keywords.</themekt><themekey>REQUIRED: Common-use word or phrase used to describe the subject of the data set.</themekey></theme></keywords><accconst>REQUIRED: Restrictions and legal prerequisites for accessing the data set.</accconst><useconst>REQUIRED: Restrictions and legal prerequisites for using the data set after access is granted.</useconst><natvform Sync="TRUE">SDE Feature Class</natvform></idinfo><dataIdInfo><envirDesc Sync="TRUE">Microsoft Windows 7 Version 6.1 (Build 7601) Service Pack 1; Esri ArcGIS 10.5.1.7333</envirDesc><dataLang><languageCode Sync="TRUE" value="eng"/><countryCode value="USA" Sync="TRUE"></countryCode></dataLang><idCitation><resTitle Sync="TRUE">parcels</resTitle><presForm><PresFormCd Sync="TRUE" value="005"/></presForm></idCitation><spatRpType><SpatRepTypCd Sync="TRUE" value="001"/></spatRpType><dataExt><geoEle><GeoBndBox esriExtentType="native"><westBL Sync="TRUE">1871810.642875</westBL><eastBL Sync="TRUE">2006098.162425</eastBL><northBL Sync="TRUE">707117.5625</northBL><southBL Sync="TRUE">566239.51465</southBL><exTypeCode Sync="TRUE">1</exTypeCode></GeoBndBox></geoEle></dataExt><geoBox esriExtentType="decdegrees"><westBL Sync="TRUE">-82.844828</westBL><eastBL Sync="TRUE">-82.365911</eastBL><northBL Sync="TRUE">39.941431</northBL><southBL Sync="TRUE">39.55417</southBL><exTypeCode Sync="TRUE">1</exTypeCode></geoBox></dataIdInfo><metainfo><langmeta Sync="TRUE">en</langmeta><metstdn Sync="TRUE">FGDC Content Standards for Digital Geospatial Metadata</metstdn><metstdv Sync="TRUE">FGDC-STD-001-1998</metstdv><mettc Sync="TRUE">local time</mettc><metc><cntinfo><cntorgp><cntper>REQUIRED: The person responsible for the metadata information.</cntper><cntorg>REQUIRED: The organization responsible for the metadata information.</cntorg></cntorgp><cntaddr><addrtype>REQUIRED: The mailing and/or physical address for the organization or individual.</addrtype><city>REQUIRED: The city of the address.</city><state>REQUIRED: The state or province of the address.</state><postal>REQUIRED: The ZIP or other postal code of the address.</postal></cntaddr><cntvoice>REQUIRED: The telephone number by which individuals can speak to the organization or individual.</cntvoice></cntinfo></metc><metd Sync="TRUE">20100616</metd></metainfo><mdLang><languageCode Sync="TRUE" value="eng"/><countryCode value="USA" Sync="TRUE"></countryCode></mdLang><mdStanName Sync="TRUE">ISO 19115 Geographic Information - Metadata</mdStanName><mdStanVer Sync="TRUE">DIS_ESRI1.0</mdStanVer><mdChar><CharSetCd Sync="TRUE" value="004"/></mdChar><mdHrLv><ScopeCd Sync="TRUE" value="005"/></mdHrLv><mdHrLvName Sync="TRUE">dataset</mdHrLvName><distinfo><resdesc Sync="TRUE">Downloadable Data</resdesc></distinfo><distInfo><distributor><distorTran><onLineSrc><orDesc Sync="TRUE">002</orDesc><linkage Sync="TRUE">file://Service=sde:sqlserver:gis1; Database=FAIoh; Version=sde.DEFAULT</linkage><protocol Sync="TRUE">Local Area Network</protocol></onLineSrc></distorTran><distorFormat><formatName Sync="TRUE">SDE Feature Class</formatName></distorFormat></distributor><distFormat><formatName Sync="TRUE">Shapefile</formatName></distFormat><distTranOps><transSize Sync="TRUE">0.000</transSize></distTranOps></distInfo><spdoinfo><direct Sync="TRUE">Vector</direct><ptvctinf><esriterm Name="parcels"><efeatyp Sync="TRUE">Simple</efeatyp><efeageom code="4" Sync="TRUE"></efeageom><esritopo Sync="TRUE">FALSE</esritopo><efeacnt Sync="TRUE">0</efeacnt><spindex Sync="TRUE">FALSE</spindex><linrefer Sync="TRUE">FALSE</linrefer></esriterm></ptvctinf></spdoinfo><spref><horizsys><cordsysn><geogcsn Sync="TRUE">GCS_North_American_1983</geogcsn><projcsn Sync="TRUE">NAD_1983_StatePlane_Ohio_South_FIPS_3402_Feet</projcsn></cordsysn><planar><planci><plance Sync="TRUE">coordinate pair</plance><plandu Sync="TRUE">survey feet</plandu><coordrep><absres Sync="TRUE">0.000025</absres><ordres Sync="TRUE">0.000025</ordres></coordrep></planci></planar><geodetic><horizdn Sync="TRUE">North American Datum of 1983</horizdn><ellips Sync="TRUE">Geodetic Reference System 80</ellips><semiaxis Sync="TRUE">6378137.000000</semiaxis><denflat Sync="TRUE">298.257222</denflat></geodetic></horizsys><vertdef><altsys><altenc Sync="TRUE">Explicit elevation coordinate included with horizontal coordinates</altenc><altres Sync="TRUE">1.000000</altres></altsys></vertdef></spref><refSysInfo><RefSystem><refSysID><identCode Sync="TRUE" code="3735">NAD_1983_StatePlane_Ohio_South_FIPS_3402_Feet</identCode><idCodeSpace Sync="TRUE">EPSG</idCodeSpace><idVersion Sync="TRUE">6.13(9.3.0.0)</idVersion></refSysID></RefSystem></refSysInfo><spatRepInfo><VectSpatRep><geometObjs Name="parcels"><geoObjTyp><GeoObjTypCd value="002" Sync="TRUE"></GeoObjTypCd></geoObjTyp><geoObjCnt Sync="TRUE">0</geoObjCnt></geometObjs><topLvl><TopoLevCd value="001" Sync="TRUE"></TopoLevCd></topLvl></VectSpatRep></spatRepInfo><eainfo><detailed Name="parcels"><enttyp><enttypl Sync="TRUE">parcels</enttypl><enttypt Sync="TRUE">Feature Class</enttypt><enttypc Sync="TRUE">0</enttypc></enttyp><attr><attrlabl Sync="TRUE">FID</attrlabl><attalias Sync="TRUE">FID</attalias><attrtype Sync="TRUE">OID</attrtype><attwidth Sync="TRUE">4</attwidth><atprecis Sync="TRUE">0</atprecis><attscale Sync="TRUE">0</attscale><attrdef Sync="TRUE">Internal feature number.</attrdef><attrdefs Sync="TRUE">Esri</attrdefs><attrdomv><udom Sync="TRUE">Sequential unique whole numbers that are automatically generated.</udom></attrdomv></attr><attr><attrlabl Sync="TRUE">PIN</attrlabl><attalias Sync="TRUE">PIN</attalias><attrtype Sync="TRUE">String</attrtype><attwidth Sync="TRUE">12</attwidth><atprecis Sync="TRUE">0</atprecis><attscale Sync="TRUE">0</attscale></attr><attr><attrlabl Sync="TRUE">Shape</attrlabl><attalias Sync="TRUE">Shape</attalias><attrtype Sync="TRUE">Geometry</attrtype><attwidth Sync="TRUE">0</attwidth><atprecis Sync="TRUE">0</atprecis><attscale Sync="TRUE">0</attscale><attrdef Sync="TRUE">Feature geometry.</attrdef><attrdefs Sync="TRUE">ESRI</attrdefs><attrdomv><udom Sync="TRUE">Coordinates defining the features.</udom></attrdomv></attr><attr><attrlabl Sync="TRUE">Shape_Leng</attrlabl><attalias Sync="TRUE">Shape_Leng</attalias><attrtype Sync="TRUE">Double</attrtype><attwidth Sync="TRUE">19</attwidth><atprecis Sync="TRUE">0</atprecis><attscale Sync="TRUE">0</attscale></attr><attr><attrlabl Sync="TRUE">Shape_Area</attrlabl><attalias Sync="TRUE">Shape_Area</attalias><attrtype Sync="TRUE">Double</attrtype><attwidth Sync="TRUE">19</attwidth><atprecis Sync="TRUE">0</atprecis><attscale Sync="TRUE">0</attscale><attrdef Sync="TRUE">Area of feature in internal units squared.</attrdef><attrdefs Sync="TRUE">Esri</attrdefs><attrdomv><udom Sync="TRUE">Positive real numbers that are automatically generated.</udom></attrdomv></attr><attr><attrlabl Sync="TRUE">PARID</attrlabl><attalias Sync="TRUE">PARID</attalias><attrtype Sync="TRUE">String</attrtype><attwidth Sync="TRUE">18</attwidth><atprecis Sync="TRUE">0</atprecis><attscale Sync="TRUE">0</attscale></attr><attr><attrlabl Sync="TRUE">OWN1</attrlabl><attalias Sync="TRUE">OWN1</attalias><attrtype Sync="TRUE">String</attrtype><attwidth Sync="TRUE">60</attwidth><atprecis Sync="TRUE">0</atprecis><attscale Sync="TRUE">0</attscale></attr><attr><attrlabl Sync="TRUE">OWN2</attrlabl><attalias Sync="TRUE">OWN2</attalias><attrtype Sync="TRUE">String</attrtype><attwidth Sync="TRUE">60</attwidth><atprecis Sync="TRUE">0</atprecis><attscale Sync="TRUE">0</attscale></attr><attr><attrlabl Sync="TRUE">LASTNAME</attrlabl><attalias Sync="TRUE">LASTNAME</attalias><attrtype Sync="TRUE">String</attrtype><attwidth Sync="TRUE">30</attwidth><atprecis Sync="TRUE">0</atprecis><attscale Sync="TRUE">0</attscale></attr><attr><attrlabl Sync="TRUE">ADRNO</attrlabl><attalias Sync="TRUE">ADRNO</attalias><attrtype Sync="TRUE">Double</attrtype><attwidth Sync="TRUE">19</attwidth><atprecis Sync="TRUE">0</atprecis><attscale Sync="TRUE">0</attscale></attr><attr><attrlabl Sync="TRUE">ADRDIR</attrlabl><attalias Sync="TRUE">ADRDIR</attalias><attrtype Sync="TRUE">String</attrtype><attwidth Sync="TRUE">2</attwidth><atprecis Sync="TRUE">0</atprecis><attscale Sync="TRUE">0</attscale></attr><attr><attrlabl Sync="TRUE">ADRSTR</attrlabl><attalias Sync="TRUE">ADRSTR</attalias><attrtype Sync="TRUE">String</attrtype><attwidth Sync="TRUE">30</attwidth><atprecis Sync="TRUE">0</atprecis><attscale Sync="TRUE">0</attscale></attr><attr><attrlabl Sync="TRUE">ADRSUF</attrlabl><attalias Sync="TRUE">ADRSUF</attalias><attrtype Sync="TRUE">String</attrtype><attwidth Sync="TRUE">8</attwidth><atprecis Sync="TRUE">0</atprecis><attscale Sync="TRUE">0</attscale></attr><attr><attrlabl Sync="TRUE">ADRSUF2</attrlabl><attalias Sync="TRUE">ADRSUF2</attalias><attrtype Sync="TRUE">String</attrtype><attwidth Sync="TRUE">8</attwidth><atprecis Sync="TRUE">0</atprecis><attscale Sync="TRUE">0</attscale></attr><attr><attrlabl Sync="TRUE">PADDR1</attrlabl><attalias Sync="TRUE">PADDR1</attalias><attrtype Sync="TRUE">String</attrtype><attwidth Sync="TRUE">40</attwidth><atprecis Sync="TRUE">0</atprecis><attscale Sync="TRUE">0</attscale></attr><attr><attrlabl Sync="TRUE">MADDR1</attrlabl><attalias Sync="TRUE">MADDR1</attalias><attrtype Sync="TRUE">String</attrtype><attwidth Sync="TRUE">40</attwidth><atprecis Sync="TRUE">0</atprecis><attscale Sync="TRUE">0</attscale></attr><attr><attrlabl Sync="TRUE">MADDR2</attrlabl><attalias Sync="TRUE">MADDR2</attalias><attrtype Sync="TRUE">String</attrtype><attwidth Sync="TRUE">40</attwidth><atprecis Sync="TRUE">0</atprecis><attscale Sync="TRUE">0</attscale></attr><attr><attrlabl Sync="TRUE">MADDR3</attrlabl><attalias Sync="TRUE">MADDR3</attalias><attrtype Sync="TRUE">String</attrtype><attwidth Sync="TRUE">40</attwidth><atprecis Sync="TRUE">0</atprecis><attscale Sync="TRUE">0</attscale></attr><attr><attrlabl Sync="TRUE">MCITYNAME</attrlabl><attalias Sync="TRUE">MCITYNAME</attalias><attrtype Sync="TRUE">String</attrtype><attwidth Sync="TRUE">40</attwidth><atprecis Sync="TRUE">0</atprecis><attscale Sync="TRUE">0</attscale></attr><attr><attrlabl Sync="TRUE">MSTATECODE</attrlabl><attalias Sync="TRUE">MSTATECODE</attalias><attrtype Sync="TRUE">String</attrtype><attwidth Sync="TRUE">2</attwidth><atprecis Sync="TRUE">0</atprecis><attscale Sync="TRUE">0</attscale></attr><attr><attrlabl Sync="TRUE">MZIP1</attrlabl><attalias Sync="TRUE">MZIP1</attalias><attrtype Sync="TRUE">String</attrtype><attwidth Sync="TRUE">5</attwidth><atprecis Sync="TRUE">0</atprecis><attscale Sync="TRUE">0</attscale></attr><attr><attrlabl Sync="TRUE">LEGAL1</attrlabl><attalias Sync="TRUE">LEGAL1</attalias><attrtype Sync="TRUE">String</attrtype><attwidth Sync="TRUE">50</attwidth><atprecis Sync="TRUE">0</atprecis><attscale Sync="TRUE">0</attscale></attr><attr><attrlabl Sync="TRUE">LEGAL2</attrlabl><attalias Sync="TRUE">LEGAL2</attalias><attrtype Sync="TRUE">String</attrtype><attwidth Sync="TRUE">50</attwidth><atprecis Sync="TRUE">0</atprecis><attscale Sync="TRUE">0</attscale></attr><attr><attrlabl Sync="TRUE">LEGAL3</attrlabl><attalias Sync="TRUE">LEGAL3</attalias><attrtype Sync="TRUE">String</attrtype><attwidth Sync="TRUE">50</attwidth><atprecis Sync="TRUE">0</atprecis><attscale Sync="TRUE">0</attscale></attr><attr><attrlabl Sync="TRUE">ACRES</attrlabl><attalias Sync="TRUE">ACRES</attalias><attrtype Sync="TRUE">Double</attrtype><attwidth Sync="TRUE">19</attwidth><atprecis Sync="TRUE">0</atprecis><attscale Sync="TRUE">0</attscale></attr><attr><attrlabl Sync="TRUE">MAPNUM</attrlabl><attalias Sync="TRUE">MAPNUM</attalias><attrtype Sync="TRUE">String</attrtype><attwidth Sync="TRUE">6</attwidth><atprecis Sync="TRUE">0</atprecis><attscale Sync="TRUE">0</attscale></attr><attr><attrlabl Sync="TRUE">ROUTENUM</attrlabl><attalias Sync="TRUE">ROUTENUM</attalias><attrtype Sync="TRUE">String</attrtype><attwidth Sync="TRUE">6</attwidth><atprecis Sync="TRUE">0</atprecis><attscale Sync="TRUE">0</attscale></attr><attr><attrlabl Sync="TRUE">LUC</attrlabl><attalias Sync="TRUE">LUC</attalias><attrtype Sync="TRUE">String</attrtype><attwidth Sync="TRUE">4</attwidth><atprecis Sync="TRUE">0</atprecis><attscale Sync="TRUE">0</attscale></attr><attr><attrlabl Sync="TRUE">PARTIAL_</attrlabl><attalias Sync="TRUE">PARTIAL_</attalias><attrtype Sync="TRUE">String</attrtype><attwidth Sync="TRUE">1</attwidth><atprecis Sync="TRUE">0</atprecis><attscale Sync="TRUE">0</attscale></attr><attr><attrlabl Sync="TRUE">NBHD</attrlabl><attalias Sync="TRUE">NBHD</attalias><attrtype Sync="TRUE">String</attrtype><attwidth Sync="TRUE">9</attwidth><atprecis Sync="TRUE">0</atprecis><attscale Sync="TRUE">0</attscale></attr><attr><attrlabl Sync="TRUE">STORIES</attrlabl><attalias Sync="TRUE">STORIES</attalias><attrtype Sync="TRUE">Single</attrtype><attwidth Sync="TRUE">13</attwidth><atprecis Sync="TRUE">0</atprecis><attscale Sync="TRUE">0</attscale></attr><attr><attrlabl Sync="TRUE">EXTWALL</attrlabl><attalias Sync="TRUE">EXTWALL</attalias><attrtype Sync="TRUE">String</attrtype><attwidth Sync="TRUE">2</attwidth><atprecis Sync="TRUE">0</atprecis><attscale Sync="TRUE">0</attscale></attr><attr><attrlabl Sync="TRUE">STYLE</attrlabl><attalias Sync="TRUE">STYLE</attalias><attrtype Sync="TRUE">String</attrtype><attwidth Sync="TRUE">2</attwidth><atprecis Sync="TRUE">0</atprecis><attscale Sync="TRUE">0</attscale></attr><attr><attrlabl Sync="TRUE">SFLA</attrlabl><attalias Sync="TRUE">SFLA</attalias><attrtype Sync="TRUE">Integer</attrtype><attwidth Sync="TRUE">10</attwidth><atprecis Sync="TRUE">10</atprecis><attscale Sync="TRUE">0</attscale></attr><attr><attrlabl Sync="TRUE">YRBLT</attrlabl><attalias Sync="TRUE">YRBLT</attalias><attrtype Sync="TRUE">Integer</attrtype><attwidth Sync="TRUE">5</attwidth><atprecis Sync="TRUE">5</atprecis><attscale Sync="TRUE">0</attscale></attr><attr><attrlabl Sync="TRUE">YRREMOD</attrlabl><attalias Sync="TRUE">YRREMOD</attalias><attrtype Sync="TRUE">Integer</attrtype><attwidth Sync="TRUE">5</attwidth><atprecis Sync="TRUE">5</atprecis><attscale Sync="TRUE">0</attscale></attr><attr><attrlabl Sync="TRUE">RMTOT</attrlabl><attalias Sync="TRUE">RMTOT</attalias><attrtype Sync="TRUE">Integer</attrtype><attwidth Sync="TRUE">5</attwidth><atprecis Sync="TRUE">5</atprecis><attscale Sync="TRUE">0</attscale></attr><attr><attrlabl Sync="TRUE">RMBED</attrlabl><attalias Sync="TRUE">RMBED</attalias><attrtype Sync="TRUE">Integer</attrtype><attwidth Sync="TRUE">5</attwidth><atprecis Sync="TRUE">5</atprecis><attscale Sync="TRUE">0</attscale></attr><attr><attrlabl Sync="TRUE">RMFAM</attrlabl><attalias Sync="TRUE">RMFAM</attalias><attrtype Sync="TRUE">Integer</attrtype><attwidth Sync="TRUE">5</attwidth><atprecis Sync="TRUE">5</atprecis><attscale Sync="TRUE">0</attscale></attr><attr><attrlabl Sync="TRUE">FIXBATH</attrlabl><attalias Sync="TRUE">FIXBATH</attalias><attrtype Sync="TRUE">Integer</attrtype><attwidth Sync="TRUE">5</attwidth><atprecis Sync="TRUE">5</atprecis><attscale Sync="TRUE">0</attscale></attr><attr><attrlabl Sync="TRUE">FIXHALF</attrlabl><attalias Sync="TRUE">FIXHALF</attalias><attrtype Sync="TRUE">Integer</attrtype><attwidth Sync="TRUE">5</attwidth><atprecis Sync="TRUE">5</atprecis><attscale Sync="TRUE">0</attscale></attr><attr><attrlabl Sync="TRUE">FIXTOT</attrlabl><attalias Sync="TRUE">FIXTOT</attalias><attrtype Sync="TRUE">Integer</attrtype><attwidth Sync="TRUE">5</attwidth><atprecis Sync="TRUE">5</atprecis><attscale Sync="TRUE">0</attscale></attr><attr><attrlabl Sync="TRUE">BSMT</attrlabl><attalias Sync="TRUE">BSMT</attalias><attrtype Sync="TRUE">String</attrtype><attwidth Sync="TRUE">1</attwidth><atprecis Sync="TRUE">0</atprecis><attscale Sync="TRUE">0</attscale></attr><attr><attrlabl Sync="TRUE">HEAT</attrlabl><attalias Sync="TRUE">HEAT</attalias><attrtype Sync="TRUE">String</attrtype><attwidth Sync="TRUE">1</attwidth><atprecis Sync="TRUE">0</atprecis><attscale Sync="TRUE">0</attscale></attr><attr><attrlabl Sync="TRUE">FUEL</attrlabl><attalias Sync="TRUE">FUEL</attalias><attrtype Sync="TRUE">String</attrtype><attwidth Sync="TRUE">1</attwidth><atprecis Sync="TRUE">0</atprecis><attscale Sync="TRUE">0</attscale></attr><attr><attrlabl Sync="TRUE">ATTIC</attrlabl><attalias Sync="TRUE">ATTIC</attalias><attrtype Sync="TRUE">String</attrtype><attwidth Sync="TRUE">1</attwidth><atprecis Sync="TRUE">0</atprecis><attscale Sync="TRUE">0</attscale></attr><attr><attrlabl Sync="TRUE">WBFP_O</attrlabl><attalias Sync="TRUE">WBFP_O</attalias><attrtype Sync="TRUE">Integer</attrtype><attwidth Sync="TRUE">5</attwidth><atprecis Sync="TRUE">5</atprecis><attscale Sync="TRUE">0</attscale></attr><attr><attrlabl Sync="TRUE">WBFP_S</attrlabl><attalias Sync="TRUE">WBFP_S</attalias><attrtype Sync="TRUE">Integer</attrtype><attwidth Sync="TRUE">5</attwidth><atprecis Sync="TRUE">5</atprecis><attscale Sync="TRUE">0</attscale></attr><attr><attrlabl Sync="TRUE">WBFP_PF</attrlabl><attalias Sync="TRUE">WBFP_PF</attalias><attrtype Sync="TRUE">Integer</attrtype><attwidth Sync="TRUE">5</attwidth><atprecis Sync="TRUE">5</atprecis><attscale Sync="TRUE">0</attscale></attr><attr><attrlabl Sync="TRUE">BSMTCAR</attrlabl><attalias Sync="TRUE">BSMTCAR</attalias><attrtype Sync="TRUE">Integer</attrtype><attwidth Sync="TRUE">5</attwidth><atprecis Sync="TRUE">5</atprecis><attscale Sync="TRUE">0</attscale></attr><attr><attrlabl Sync="TRUE">FINBSMTARE</attrlabl><attalias Sync="TRUE">FINBSMTARE</attalias><attrtype Sync="TRUE">Integer</attrtype><attwidth Sync="TRUE">10</attwidth><atprecis Sync="TRUE">10</atprecis><attscale Sync="TRUE">0</attscale></attr><attr><attrlabl Sync="TRUE">RECROMAREA</attrlabl><attalias Sync="TRUE">RECROMAREA</attalias><attrtype Sync="TRUE">Integer</attrtype><attwidth Sync="TRUE">10</attwidth><atprecis Sync="TRUE">10</atprecis><attscale Sync="TRUE">0</attscale></attr><attr><attrlabl Sync="TRUE">MASTRIMARE</attrlabl><attalias Sync="TRUE">MASTRIMARE</attalias><attrtype Sync="TRUE">Integer</attrtype><attwidth Sync="TRUE">10</attwidth><atprecis Sync="TRUE">10</atprecis><attscale Sync="TRUE">0</attscale></attr><attr><attrlabl Sync="TRUE">BOOK</attrlabl><attalias Sync="TRUE">BOOK</attalias><attrtype Sync="TRUE">String</attrtype><attwidth Sync="TRUE">8</attwidth><atprecis Sync="TRUE">0</atprecis><attscale Sync="TRUE">0</attscale></attr><attr><attrlabl Sync="TRUE">PAGE</attrlabl><attalias Sync="TRUE">PAGE</attalias><attrtype Sync="TRUE">String</attrtype><attwidth Sync="TRUE">8</attwidth><atprecis Sync="TRUE">0</atprecis><attscale Sync="TRUE">0</attscale></attr><attr><attrlabl Sync="TRUE">SALEDT</attrlabl><attalias Sync="TRUE">SALEDT</attalias><attrtype Sync="TRUE">Date</attrtype><attwidth Sync="TRUE">8</attwidth><atprecis Sync="TRUE">0</atprecis><attscale Sync="TRUE">0</attscale></attr><attr><attrlabl Sync="TRUE">TRANSDT</attrlabl><attalias Sync="TRUE">TRANSDT</attalias><attrtype Sync="TRUE">Date</attrtype><attwidth Sync="TRUE">8</attwidth><atprecis Sync="TRUE">0</atprecis><attscale Sync="TRUE">0</attscale></attr><attr><attrlabl Sync="TRUE">RECORDDT</attrlabl><attalias Sync="TRUE">RECORDDT</attalias><attrtype Sync="TRUE">Date</attrtype><attwidth Sync="TRUE">8</attwidth><atprecis Sync="TRUE">0</atprecis><attscale Sync="TRUE">0</attscale></attr><attr><attrlabl Sync="TRUE">PRICE</attrlabl><attalias Sync="TRUE">PRICE</attalias><attrtype Sync="TRUE">Double</attrtype><attwidth Sync="TRUE">19</attwidth><atprecis Sync="TRUE">0</atprecis><attscale Sync="TRUE">0</attscale></attr><attr><attrlabl Sync="TRUE">SALEVAL</attrlabl><attalias Sync="TRUE">SALEVAL</attalias><attrtype Sync="TRUE">String</attrtype><attwidth Sync="TRUE">2</attwidth><atprecis Sync="TRUE">0</atprecis><attscale Sync="TRUE">0</attscale></attr><attr><attrlabl Sync="TRUE">SALETYPE</attrlabl><attalias Sync="TRUE">SALETYPE</attalias><attrtype Sync="TRUE">String</attrtype><attwidth Sync="TRUE">1</attwidth><atprecis Sync="TRUE">0</atprecis><attscale Sync="TRUE">0</attscale></attr><attr><attrlabl Sync="TRUE">APRLAND</attrlabl><attalias Sync="TRUE">APRLAND</attalias><attrtype Sync="TRUE">Double</attrtype><attwidth Sync="TRUE">19</attwidth><atprecis Sync="TRUE">0</atprecis><attscale Sync="TRUE">0</attscale></attr><attr><attrlabl Sync="TRUE">APRBLDG</attrlabl><attalias Sync="TRUE">APRBLDG</attalias><attrtype Sync="TRUE">Double</attrtype><attwidth Sync="TRUE">19</attwidth><atprecis Sync="TRUE">0</atprecis><attscale Sync="TRUE">0</attscale></attr><attr><attrlabl Sync="TRUE">FARMLAND</attrlabl><attalias Sync="TRUE">FARMLAND</attalias><attrtype Sync="TRUE">Double</attrtype><attwidth Sync="TRUE">19</attwidth><atprecis Sync="TRUE">0</atprecis><attscale Sync="TRUE">0</attscale></attr><attr><attrlabl Sync="TRUE">AGAPPL</attrlabl><attalias Sync="TRUE">AGAPPL</attalias><attrtype Sync="TRUE">String</attrtype><attwidth Sync="TRUE">6</attwidth><atprecis Sync="TRUE">0</atprecis><attscale Sync="TRUE">0</attscale></attr><attr><attrlabl Sync="TRUE">SALEYEAR</attrlabl><attalias Sync="TRUE">SALEYEAR</attalias><attrtype Sync="TRUE">Integer</attrtype><attwidth Sync="TRUE">5</attwidth><atprecis Sync="TRUE">5</atprecis><attscale Sync="TRUE">0</attscale></attr><attr><attrlabl Sync="TRUE">APPRVAL</attrlabl><attalias Sync="TRUE">APPRVAL</attalias><attrtype Sync="TRUE">Double</attrtype><attwidth Sync="TRUE">19</attwidth><atprecis Sync="TRUE">0</atprecis><attscale Sync="TRUE">0</attscale></attr><attr><attrlabl Sync="TRUE">SALESRATIO</attrlabl><attalias Sync="TRUE">SALESRATIO</attalias><attrtype Sync="TRUE">Double</attrtype><attwidth Sync="TRUE">19</attwidth><atprecis Sync="TRUE">0</atprecis><attscale Sync="TRUE">0</attscale></attr><attr><attrlabl Sync="TRUE">GRDFACT</attrlabl><attalias Sync="TRUE">GRDFACT</attalias><attrtype Sync="TRUE">Single</attrtype><attwidth Sync="TRUE">13</attwidth><atprecis Sync="TRUE">0</atprecis><attscale Sync="TRUE">0</attscale></attr><attr><attrlabl Sync="TRUE">CDU</attrlabl><attalias Sync="TRUE">CDU</attalias><attrtype Sync="TRUE">String</attrtype><attwidth Sync="TRUE">2</attwidth><atprecis Sync="TRUE">0</atprecis><attscale Sync="TRUE">0</attscale></attr><attr><attrlabl Sync="TRUE">CLASS</attrlabl><attalias Sync="TRUE">CLASS</attalias><attrtype Sync="TRUE">String</attrtype><attwidth Sync="TRUE">1</attwidth><atprecis Sync="TRUE">0</atprecis><attscale Sync="TRUE">0</attscale></attr><attr><attrlabl Sync="TRUE">DEPR</attrlabl><attalias Sync="TRUE">DEPR</attalias><attrtype Sync="TRUE">Integer</attrtype><attwidth Sync="TRUE">5</attwidth><atprecis Sync="TRUE">5</atprecis><attscale Sync="TRUE">0</attscale></attr></detailed></eainfo><mdDateSt Sync="TRUE">20190325</mdDateSt></metadata>
